,cod_music,music
0,1,'Round Midnight
1,2,'Til Summer Comes Around
2,3,(Everything I Do) I Do It For You (From Robin Hood - Prince Of Thieves)
3,4,(Hey Won't You Play) Another Somebody Done Somebody Wrong Song
4,5,(I'm A) Stand By My Woman Man
5,6,(I've Had) The Time Of My Life
6,7,(Sittin' On) The Dock Of The Bay
7,8,(There's) No Gettin' Over Me
8,9,"10,000 Reasons (Bless The Lord)"
9,10,100 Años De Mariachi
10,11,11th Commandment
11,12,17
12,13,24 Frames
13,14,24K Magic
14,15,52nd Street
15,16,69 Freedom Special
16,17,7 rings
17,18,70 Years Of Hits
18,19,7empest
19,20,80's Ladies
20,21,88 Basie Street
21,22,8:30
22,23,9 To 5
23,24,99 Problems
24,25,A Boy Named Sue
25,26,A Bug's Life
26,27,A Day In The Life
27,28,A Feather's Not A Bird
28,29,A Hard Day's Night
29,30,A House Is Not A Home
30,31,A Lincoln Portrait
31,32,A Little Good News
32,33,A Lot
33,34,A Man And A Woman
34,35,A Mighty Wind (From A Mighty Wind)
35,36,A Milli
36,37,A Natural Man
37,38,A Night At The Met
38,39,A Perfect Match - Ella And Basie
39,40,A Polka Just For Me
40,41,A Prayer For Peace
41,42,A Program Of Song - Leontyne Price Recital
42,43,A Simple Life
43,44,A Soldier's Joy
44,45,A Song For You
45,46,A Taste Of Honey
46,47,A Tribute To Miles
47,48,A Very Special Love Song
48,49,A View From The Side
49,50,A Whole New World (Aladdin's Theme)
50,51,A Whole New World (Aladdin's Theme) (From Aladdin)
51,52,A Wild And Crazy Guy
52,53,Abbey Road
53,54,Abriendo Puertas
54,55,Absolute Torch And Twang
55,56,Abundant Life
56,57,Achtung Baby
57,58,"Adams, John Luther: Become Ocean"
58,59,"Adams, John: City Noir"
59,60,Adams: Doctor Atomic
60,61,Adams: El Dorado
61,62,Adams: Harmonielehre & Short Ride In A Fast Machine
62,63,Adams: Harmonium/Rachmaninoff: The Bells
63,64,Adams: Nixon In China
64,65,Adams: On The Transmigration Of Souls
65,66,Addicted To Love
66,67,Adorn
67,68,Adventures In Jazz
68,69,Adès: The Tempest
69,70,Aenema
70,71,African Dance
71,72,African Skies
72,73,African Waltz
73,74,After All This Time
74,75,"After Mozart - Raskatov, Silvestrov & Schnittke"
75,76,After The Fire Is Gone
76,77,After The Love Has Gone
77,78,Again
78,79,Against All Odds (Take A Look At Me Now)
79,80,Against The Wind
80,81,Age To Age
81,82,Ageless Medley
82,83,Ages Of Man - Readings From Shakespeare
83,84,Ain't It Fun
84,85,Ain't It Heavy
85,86,Ain't No Need To Worry
86,87,Ain't No Other Man
87,88,Ain't No Sunshine
88,89,Ain't Nobody
89,90,Ain't Nothing Like The Real Thing
90,91,Ain't That Beautiful Singing
91,92,Ain't That Lonely Yet
92,93,"Aire Latino (Morel, Villa-Lobos, Ponce, Etc.)"
93,94,Airport Love Theme
94,95,Aja
95,96,Alabama Jubilee
96,97,Aladdin
97,98,Albeniz: Iberia
98,99,"Albeniz: Iberia, Navarra, Suite Espagnola"
99,100,Albert: Cello Concerto
100,101,"Aldridge, Robert: Elmer Gantry"
101,102,All 'n All
102,103,All Blues
103,104,All Fly Home
104,105,All For You
105,106,All I Need Is You
106,107,All I Wanna Do
107,108,All In Good Time
108,109,All In My Love For You
109,110,All My Life
110,111,All Of Me (Tiësto's Birthday Treatment Remix)
111,112,All Of The Lights
112,113,All That Jazz
113,114,All Your’n
114,115,Alley Cat
115,116,Almeida: Discantus
116,117,Almost 12
117,118,Almost Persuaded
118,119,Alone
119,120,Alone At Last
120,121,Alright
121,122,Alright Again
122,123,Also Sprach Zarathustra (2001)
123,124,Alvin's Harmonica
124,125,Always & Forever
125,126,Always In My Heart (Siempre En Mi Corazon)
126,127,Always On My Mind
127,128,Always Remember
128,129,Always Remember Us This Way
129,130,Amazing Grace
130,131,"American Scenes - Works Of Copland, Previn, Barber & Gershwin"
131,132,American Woman
132,133,Amor
133,134,An Evening With Belafonte/Makeba
134,135,An Evening With George Shearing & Mel Tormé
135,136,An Evening With Lena Horne
136,137,An Evening With Mike Nichols And Elaine May
137,138,"An Italian Songbook - Works Of Bellini, Donizetti, Rossini"
138,139,Anatomy Of A Murder
139,140,And His Mother Called Him Bill
140,141,And I Am Telling You I'm Not Going
141,142,And You Know That
142,143,"Anderson, Laurie: Landfall"
143,144,Andre Previn Plays Harold Arlen
144,145,Angel
145,146,Angels
146,147,Angry World
147,148,Another Day In Paradise
148,149,Another Night In Tunisia
149,150,Another Polka Celebration
150,151,Another Sad Love Song
151,152,Anselma
152,153,Antecedente
153,154,Anthem
154,155,Antonio Brasileiro
155,156,Anyone For Mozart?
156,157,Approaching Pavonis Mons By Balloon (Utopia Planitia)
157,158,Aquarius/Let The Sunshine In (The Flesh Failures)
158,159,Aren't You Glad You're You
159,160,Aretha
160,161,Argento: Casa Guidi
161,162,As Long As We're Together
162,163,Astorolus - The Great Octopus
163,164,At Last
164,165,At Seventeen
165,166,At The Vanguard
166,167,Auld Lang Syne
167,168,Aung San Suu Kyi
168,169,Aura
169,170,Ay Te Dejo En San Antonio
170,171,B.Y.O.B.
171,172,BBC Tribute To John F. Kennedy
172,173,Baby Got Back
173,174,"Baby, Now That I've Found You"
174,175,Babylon The Bandit
175,176,Bach's Greatest Hits
176,177,Bach: Arias
177,178,Bach: B Minor Mass
178,179,Bach: Cantatas
179,180,Bach: English Suites
180,181,"Bach: English Suites Nos. 1, 3 & 6"
181,182,Bach: Goldberg Variations
182,183,Bach: Mass In B Minor
183,184,Bach: Sonatas And Partitas For Violin Unaccompanied
184,185,Bach: St. Matthew Passion
185,186,Bach: Suites For Solo Cello Nos. 1-6
186,187,Bach: The Goldberg Variations
187,188,Bach: The Unaccompanied Cello Suites
188,189,Back In The High Life
189,190,Back On The Block
190,191,Back To Life
191,192,Back Where You Started
192,193,Bad
193,194,Bad Guy
194,195,Bad Idea
195,196,Bad Love
196,197,Bad Romance
197,198,Ballin'
198,199,Band On The Run
199,200,Bangarang
200,201,Barber/Korngold/Walton: Violin Concertos
201,202,Barber: Antony And Cleopatra
202,203,"Barber: Cello Concerto, Op. 22/Britten: Symphony For Cello And Orchestra, Op. 68"
203,204,Barber: Piano Concerto
204,205,Barber: Prayers Of Kierkegaard/Vaughan Williams: Dona Nobis Pacem/Bartok: Cantata Profana
205,206,Barber: The Complete Solo Piano Music
206,207,Barber: The Lovers
207,208,Barber: Two Scenes From Antony And Cleopatra/Knoxville: Summer Of 1915
208,209,Barcelona Mona
209,210,"Baroque Guitar (Works Of Bach, Sanz, Weiss, Etc.)"
210,211,Barton Hollow
211,212,Bartók: 6 String Quartets
212,213,Bartók: Bluebeard's Castle
213,214,Bartók: Cantata Profana
214,215,Bartók: Concerto For Orchestra
215,216,"Bartók: Concerto For Orchestra: Four Orchestral Pieces, Op. 12"
216,217,"Bartók: Concerto For Orchestra; ""Kossuth"" - Symphonic Poem"
217,218,"Bartók: Music For Strings, Percussion And Celeste"
218,219,Bartók: Piano Cons. Nos. 1 & 2
219,220,Bartók: Sonata For Two Pianos & Percussion
220,221,Bartók: The Six String Quartets - Nos. 1-6
221,222,Bartók: The Three Piano Concertos
222,223,Bartók: The Wooden Prince
223,224,Bartók: The Wooden Prince & Cantata Profana
224,225,Bartók: Violin Concerto No. 1
225,226,Basie
226,227,Basie And Zoot
227,228,Basie's Bag
228,229,Basque
229,230,Bates: The (R)evolution Of Steve Jobs
230,231,Battle Hymn Of The Republic
231,232,Be Blessed
232,233,Be OK
233,234,Be Without You
234,235,Beat It
235,236,Beautiful
236,237,Beautiful Day
237,238,Beautiful Isle Of Somewhere
238,239,Beautiful Stranger (From Austin Powers - The Spy Who Shagged Me)
239,240,Beauty And The Beast
240,241,Beauty And The Beast (From Beauty And The Beast)
241,242,Because You Loved Me (Theme From Up Close & Personal)
242,243,"Beethoven Sonatas, Vol. 3"
243,244,Beethoven/Mozart: Quintets (Chicago-Berlin)
244,245,Beethoven: Cello And Piano Sonata No. 4 In C & Variations
245,246,Beethoven: Concerti (5) For Piano And Orchestra
246,247,Beethoven: Missa Solemnis
247,248,Beethoven: Piano Concerto No. 4 In G
248,249,Beethoven: Piano Cons. Nos. 2 & 3
249,250,"Beethoven: Piano Sonata No. 18 In E Flat/Schumann: Fantasiestucke, Op. 12"
250,251,Beethoven: Piano Sonatas Nos. 12 & 13
251,252,Beethoven: Quartet 130
252,253,"Beethoven: Serenade, Op. 8/Kodaly: Duo For Violin And Cello, Op. 7"
253,254,Beethoven: Sonatas For Violin And Piano
254,255,Beethoven: Sonatas No. 21 In C (Waldstein) And No. 18 In E Flat
255,256,"Beethoven: String Quartets (""Razumovsky"" Op. 59, 1-3; ""Harp"" Op. 74)"
256,257,Beethoven: Symphonies (9) (Complete)
257,258,Beethoven: Symphony No. 9 In D Minor
258,259,Beethoven: The Complete Piano Trios
259,260,Beethoven: The Five Piano Concertos
260,261,Beethoven: The Late String Quartets
261,262,Beethoven: The String Quartets
262,263,"Beethoven: The Violin Sonatas (Nos. 1-3, Op. 12; Nos. 1-3, Op. 30; ""Spring"" Sonata)"
263,264,"Beethoven: Trio No. 1 In E Flat, Op. 1 #1"
264,265,Before He Cheats
265,266,Before I Forget
266,267,Begin Again
267,268,Behind Closed Doors
268,269,Behind My Camel
269,270,Being With You
270,271,"Bel Canto - Bellini, Donizetti & Rossini"
271,272,Belafonte Folk Singers At Home And Abroad
272,273,Believe
273,274,Believe (From The Polar Express)
274,275,Bellavia
275,276,Benjamin: Lessons In Love & Violence
276,277,Bennett Sings Ellington - Hot & Cool
277,278,Berg: Lulu (Complete Version)
278,279,Berg: Lyric Suite
279,280,Berg: Violin Concerto/Rihm: Time Chant
280,281,Berg: Violin Concerto/Stravinsky: Violin Concerto In D
281,282,Berg: Wozzeck
282,283,Berio: Sinfonia
283,284,Berlioz: Benvenuto Cellini
284,285,Berlioz: La Damnation De Faust
285,286,Berlioz: Les Troyens
286,287,Berlioz: Messe Solennelle
287,288,Berlioz: Nuits D'Ete (Song Cycle)/Falla: El Amor Brujo
288,289,Berlioz: Requiem
289,290,Berlioz: Symphonie Fantastique
290,291,Berlioz: Symphonie Fantastique; Tristia
291,292,Berlioz: The Damnation Of Faust
292,293,Bermel: Migration Series For Jazz Ensemble & Orchestra
293,294,Bernstein Conducts For Young People
294,295,Bernstein: Arias & Barcarolles
295,296,Bernstein: Candide
296,297,Best Of My Love
297,298,Best Part
298,299,Bet Ain't Worth The Hand
299,300,Bette Davis Eyes
300,301,Better Be Good To Me
301,302,Better Man
302,303,Better Than You
303,304,Between The Lines
304,305,Beyond The Missouri Sky
305,306,Bicentennial Nigger
306,307,Big Bad John
307,308,Big Sandy/Leather Britches
308,309,Bill Cosby
309,310,Bill Cosby Talks To Kids About Drugs
310,311,Bill Evans At The Montreux Jazz Festival
311,312,Billie Jean
312,313,Billy May's Big Fat Brass
313,314,Birdland
314,315,Bitches Brew
315,316,Bittersweet
316,317,Bizet: Carmen
317,318,Bjoerling In Opera
318,319,Black Codes From The Underground
319,320,Black Hole Sun
320,321,Black Moses
321,322,Black Myself
322,323,Black Velvet
323,324,Blackstar
324,325,Blame It
325,326,Bless The Broken Road
326,327,Blessed & Highly Favored
327,328,Blessings
328,329,Block Rockin' Beats
329,330,Blowin' In The Wind
330,331,Blown Away
331,332,Blue
332,333,Blue Eyes Crying In The Rain
333,334,Blue Kentucky Girl
334,335,Blue Rondo A La Turk
335,336,Blues 'N' Jazz
336,337,Blues And The Beat
337,338,Blues Explosion
338,339,Blues For Coltrane - A Tribute To John Coltrane
339,340,Blues For Dixie
340,341,Blues For Salvador
341,342,Blues In The Street
342,343,Blues On Broadway
343,344,Blut Und Boden (Blood And Soil)
344,345,Bob's Breakdowns
345,346,Body And Soul
346,347,Bolcom: Songs Of Innocence And Of Experience
347,348,Boo'd Up
348,349,Boogie On Reggae Woman
349,350,Boogie Wonderland
350,351,Born To Polka
351,352,Boss Of Me (From Malcolm In The Middle)
352,353,"Boston Symphony Chamber Players - Works Of Mozart, Brahms, Beethoven, Fine, Copland, Carter, Piston"
353,354,Both Sides Now
354,355,Boulevard Of Broken Dreams
355,356,Boulez Conducts Debussy (La Mer; Prelude A L'Apres-Midi D'Un Faune; Jeux)
356,357,"Boulez Conducts Debussy, Vol. 2 ""Images Pour Orchestre"""
357,358,"Boulez Conducts Varèse - Amériques, Arcana, Déserts & Ionisation"
358,359,Boulez: ...Explosante-Fixe...
359,360,"Boulez: Le Marteau Sans Maître, Dérive 1 & 2"
360,361,Boulez: Répons
361,362,Bow Down
362,363,Boy From New York City
363,364,Boyfriend
364,365,Boyle: Voyages
365,366,Brahms/Beethoven/Mozart: Clarinet Trios
366,367,Brahms/Stravinsky: Violin Concertos
367,368,Brahms: A German Requiem
368,369,Brahms: Cello And Piano Sonatas In E Minor And F
369,370,Brahms: Die Schone Magelone
370,371,Brahms: Double Concerto (Concerto In A Minor For Violin And Cello)
371,372,Brahms: Ein Deutsches Requiem
372,373,Brahms: Piano Concerto No. 2 In B Flat
373,374,Brahms: Piano Quartets (Op. 25 & 26)
374,375,"Brahms: Sonata For Cello And Piano In E Minor, Op. 38 And Sonata In F, Op. 99"
375,376,Brahms: Sonatas For Cello & Piano
376,377,Brahms: Symphonies (1-4)
377,378,Brahms: Symphony No. 4
378,379,"Brahms: The Sonatas For Clarinet & Piano, Op. 120"
379,380,Brahms: The Three Violin Sonatas
380,381,Brahms: Trios (Complete)/Schumann: Trio No. 1 In D Minor
381,382,Brahms: Violin And Cello Concerto In A Minor (Double Concerto)
382,383,Brand New Day
383,384,Brand New Man
384,385,Brasil
385,386,Break Every Chain [Live]
386,387,Break It To Me Gently
387,388,Breakfast At Tiffany's
388,389,Breakfast In America
389,390,Breakin' Away
390,391,Breathe
391,392,Breathe Again
392,393,Breezin'
393,394,Brian's Song
394,395,Bridge Over Troubled Water
395,396,Brimstone And Treacle
396,397,Bring Back The Days Of Yea And Nay
397,398,Bring Me To Life
398,399,Bring My Flowers Now
399,400,Bring On The Night
400,401,Bring The Noise (Benny Benassi Sfaction Remix)
401,402,Britten Cello Suites (1-3)
402,403,Britten: A Ceremony Of Carols
403,404,Britten: Billy Budd
404,405,Britten: Peter Grimes
405,406,Britten: Violin Concerto/Walton: Viola Concerto
406,407,Britten: War Requiem
407,408,Britten: Young Person's Guide To The Orchestra
408,409,Broken Halos
409,410,Broken Lady
410,411,Brothers
411,412,Brothers In Arms
412,413,Bruckner: Symphony No. 6 In A
413,414,Bruckner: Symphony No. 9
414,415,Bryars: The Fifth Century
415,416,Bubblin
416,417,Bud & Bird
417,418,Buena Vista Social Club
418,419,Building A Mystery
419,420,Built For Love
420,421,Bullet With Butterfly Wings
421,422,Burnin'
422,423,Busoni: Doktor Faust
423,424,Bust A Move
424,425,Busted
425,426,But Not For Me
426,427,Butterflies
427,428,Butterfly Kisses
428,429,By The Time I Get To Phoenix
429,430,Bye Bye Blackbird
430,431,Call My Name
431,432,Call Sheet Blues
432,433,Can You Feel The Love Tonight
433,434,Can't Stop The Feeling!
434,435,Canciones De Mi Padre
435,436,Candle In The Wind 1997
436,437,Caravan
437,438,Caribbean Queen (No More Love On The Run)
438,439,"Carlos Chávez - Complete Chamber Music, Vol. 2"
439,440,Carpenters
440,441,"Carreras, Domingo, Pavarotti In Concert"
441,442,Carry On
442,443,"Carter, Elliott: String Quartets Nos. 1 And 5"
443,444,Carter: Violin Concerto
444,445,Cast Away - End Credits
445,446,Cast Your Fate To The Wind
446,447,Catch A Falling Star
447,448,Cerrone: The Pieces That Fall To Earth
448,449,Cerulean Skies
449,450,Chain Of Fools
450,451,Chaka Khan
451,452,Change Of Heart
452,453,Change The World
453,454,Changing Times
454,455,Charade
455,456,Chariots Of Fire Theme (Dance Version)
456,457,Charley Pride Sings Heart Songs
457,458,Charlie McCoy/The Real McCoy
458,459,Charpentier: La Descente D'Orphée Aux Enfers
459,460,Charpentier: Les Arts Florissants; Les Plaisirs De Versailles
460,461,Chasing Pavements
461,462,Cherokee Maiden
462,463,Chester And Lester
463,464,Chet Atkins Picks The Best
464,465,Chicago Song
465,466,"Chick Corea & Gary Burton In Concert - Zurich, October 28, 1979"
466,467,Chick Corea Akoustic Band
467,468,Children Of Sanchez
468,469,Choices
469,470,Chopin: Nocturnes
470,471,"Chopin: Études, Op. 10 & Op. 25"
471,472,Christmas
472,473,Chávez: Suite For Double Quartet
473,474,Cielito Lindo
474,475,Cinema
475,476,Cinema (Skrillex Remix)
476,477,Cirice
477,478,Citizen Kane
478,479,City Of Blinding Lights
479,480,City Of New Orleans
480,481,Clarity
481,482,Class Of '57
482,483,Classical Gas
483,484,Cleo At Carnegie - The 10th Anniversary Concert
484,485,Cliff Hanger
485,486,Cliffs Of Dover
486,487,Climax
487,488,Clocks
488,489,Close To You
489,490,Close-up
490,491,Cloud Nine
491,492,Clouds
492,493,Clout
493,494,Cluck Old Hen
494,495,Cluster Pluck
495,496,Code Of Silence
496,497,Cold Irons Bound
497,498,Color Him Father
498,499,"Colors Of Love - Works Of Thomas, Stucky, Tavener & Rands"
499,500,Colors Of The Wind (From Pocahontas)
500,501,Columbia Records Presents Vladimir Horowitz
501,502,Come Dance With Me
502,503,Come Home
503,504,Come Into My World
504,505,Come On Over
505,506,Come Sunday
506,507,Come To My Window
507,508,Common
508,509,Compositions
509,510,Conscious Party
510,511,Constant Craving
511,512,Contra La Corriente
512,513,Conversations With Myself
513,514,Conversations With The Guitar
514,515,Cooleyhighharmony
515,516,Copacabana (At The Copa)
516,517,Copland: A Lincoln Portrait
517,518,Copland: Appalachian Spring
518,519,Copland: Billy The Kid; Grohg
519,520,Copland: Dance Symphony; Short Symphony; Organ Symphony
520,521,"Copland: Music For Films (The Red Pony, Our Town, Etc.)"
521,522,Copland: Orchestral Suite From Tender Land Suite
522,523,Corigliano: Mr. Tambourine Man: Seven Poems Of Bob Dylan
523,524,Corigliano: String Quartet
524,525,Corigliano: Symphony No. 1
525,526,Corigliano: The Ghosts Of Versailles
526,527,Cosmic Square Dance
527,528,Could I Have This Dance?
528,529,Could've Been
529,530,Count Plays Duke
530,531,Country After All These Years
531,532,Country Instrumentalist Of The Year
532,533,Cousin Dupree
533,534,Crack A Bottle
534,535,Crack The Sky
535,536,Cranes In The Sky
536,537,Crawling
537,538,Crazy
538,539,Crazy In Love
539,540,Crazy In Love (Maurice's Soul Mix)
540,541,Creep
541,542,Crest Of A Knave
542,543,Crimes Of Passion
543,544,Criminal
544,545,Crimson Tide
545,546,Cross Country Suite
546,547,Cross My Mind
547,548,Crossing To Jerusalem
548,549,Crucible For Crisis
549,550,Cruisin'
550,551,Crumb: Star-Child
551,552,Cry
552,553,Cry Like A Rainstorm - Howl Like The Wind
553,554,Cry Me A River
554,555,Crying Time
555,556,Cult Of Personality
556,557,Cut Me Some Slack
557,558,D.N.A.
558,559,D.O.A. (Death Of Auto-Tune)
559,560,D/FW
560,561,Dance With Basie
561,562,Dance With My Father
562,563,Dances With Wolves
563,564,Dancing In The Dark
564,565,Dang Me
565,566,Dangerously In Love 2
566,567,Dani California
567,568,Danzon
568,569,"Daugherty, Michael: Deus Ex Machina"
569,570,Daugherty: Metropolis Symphony; Deus Ex Machina
570,571,Daugherty: Tales Of Hemingway
571,572,Daughters
572,573,Dawn
573,574,Daydreamin'
574,575,Days Go By
575,576,Days Of Wine And Roses
576,577,Dead End Street
577,578,Dear Ella
578,579,Death & The Maiden
579,580,Debussy: Images For Orchestra
580,581,Debussy: La Mer
581,582,Debussy: Quartet In G Minor/Ravel: Quartet In F
582,583,Deep Purple
583,584,Deja Vu
584,585,Desafinado
585,586,Desiderata
586,587,Desire
587,588,Detroit City
588,589,Devils & Dust
589,590,Diamonds From Sierra Leone
590,591,Diane Schuur & The Count Basie Orchestra
591,592,Did You Think To Pray
592,593,Didn't I (Blow Your Mind This Time)
593,594,Dig In
594,595,Digital Duke
595,596,Digital III At Montreaux
596,597,Dinastia Borja
597,598,Dirty Mind
598,599,Disorder In The House
599,600,Disrespectful
600,601,Dissident Aggressor
601,602,Do You Know The Way To San Jose?
602,603,Dominique
603,604,Don't Be Afraid Of The Dark
604,605,Don't Cry
605,606,Don't Give Up
606,607,Don't It Make My Brown Eyes Blue
607,608,Don't Know Much
608,609,Don't Know Why
609,610,Don't Leave Me This Way
610,611,Don't Let Me Be Lonely Tonight
611,612,Don't Let Me Down
612,613,Don't Phunk With My Heart
613,614,Don't Play That Song
614,615,Don't Stand So Close To Me
615,616,Don't Stop 'til You Get Enough
616,617,Don't Touch Me
617,618,Don't Try This At Home
618,619,Don't Wanna Fight
619,620,Don't Worry Be Happy
620,621,Donovan's Brain
621,622,Doo Wop (That Thing)
622,623,Doo-Bop
623,624,Dookie
624,625,Double Vision
625,626,Down At The Twist And Shout
626,627,Down Bad
627,628,Down To Earth (From Wall-E)
628,629,Down To The Moon
629,630,Downtown
630,631,"Dr. Seuss Presents ""Fox In Sox"" And ""Green Eggs And Ham"""
631,632,"Dr. Seuss Presents - ""If I Ran The Zoo"" And ""Sleep Book"""
632,633,Dr. Seuss: How The Grinch Stole Christmas
633,634,Dreams & Fables - Gluck Italian Arias: Tremo Fra' Dubbi Miei; Di Questa Cetra In Seno
634,635,"Dreams Of A World - Works Of Lauro, Ruiz-Pipo & Duarte"
635,636,Drip Too Hard
636,637,Drops Of Jupiter
637,638,Drunk In Love
638,639,Dueling Banjos
639,640,Duet
640,641,Duets II
641,642,Duets With A Spanish Guitar
642,643,"Duke Ellington At Fargo, 1940 Live"
643,644,Duruflé: Complete Choral Works
644,645,Dystopia
645,646,E.T. The Extra-Terrestrial
646,647,Earl's Breakdown
647,648,Earned It (Fifty Shades Of Grey)
648,649,Eat It
649,650,Eddie Murphy: Comedian
650,651,Edward R. Murrow - A Reporter Remembers Vol. I The War Years
651,652,Either Way
652,653,El Dorado
653,654,El Farol
654,655,El Paso
655,656,Eleanor Rigby
656,657,Electric Feel (Justice Remix)
657,658,Electric Messiah
658,659,Electricity
659,660,Elevation
660,661,"Elgar: Cello Concerto, Op. 85/Walton: Concerto For Cello & Orch."
661,662,Elgar: Violin Concerto In B Minor
662,663,Elite
663,664,Elite Hotel
664,665,Elizabeth Cotten Live!
665,666,Ella Fitzgerald Sings The Duke Ellington Song Book
666,667,Ella Fitzgerald Sings The George And Ira Gershwin Songbook
667,668,Ella Fitzgerald Sings The Irving Berlin Song Book
668,669,Ella Swings Brightly With Nelson Riddle
669,670,Ella Swings Lightly
670,671,Ellington '66
671,672,Elvira
672,673,Emmylou Harris & The Nash Ramblers At The Ryman
673,674,Empire State Of Mind
674,675,En Tus Manos
675,676,"Encore: Woody Herman, 1963"
676,677,End Of The Road
677,678,Enrique Iglesias
678,679,Es Facil Amar
679,680,Escape
680,681,Escenas
681,682,Evening Of Elizabethan Music
682,683,Every Breath You Take
683,684,Every Little Step
684,685,Every Man Wants To Be Free
685,686,Everybody's Talkin'
686,687,Everything Is Beautiful
687,688,Everything's Gonna Be Alright
688,689,Everytime I Feel The Spirit
689,690,Exactly How I Feel
690,691,Exhale (Shoop Shoop)
691,692,Eye Of The Tiger
692,693,Eyes Of The Insane
693,694,FDR Speaks
694,695,FM (No Static At All)
695,696,FM And AM
696,697,Fabulosos Calavera
697,698,Fairytale
698,699,Fallin'
699,700,Family Affair
700,701,Family Style
701,702,Far East Suite
702,703,Faraway Look
703,704,Fast Car
704,705,Father Mountain
705,706,Faure: Pelleas Et Melisande
706,707,Faure: Requiem/Durufle: Requiem
707,708,Fear Inoculum
708,709,Feel It Still
709,710,Filament
710,711,Final Six
711,712,Fine And Mellow
712,713,Fire And Ice
713,714,Fireball
714,715,First Circle
715,716,First Light
716,717,First Recordings!
717,718,Fitzgerald And Pass...Again
718,719,Flaco Jimenez
719,720,Flashdance - What A Feeling
720,721,Flowers On The Wall
721,722,Floyd: Susannah
722,723,Fly Away
723,724,Fly Me To The Moon Bossa Nova
724,725,"Fly, Robin, Fly"
725,726,Flying
726,727,Flying - Theme From E.T. The Extra-Terrestrial
727,728,Foggy Mountain Breakdown
728,729,Folksongs For A Nuclear Village
729,730,Folkways -- A Vision Shared: A Tribute To Woody Guthrie & Leadbelly
730,731,Follow That Bird - Original Motion Picture Soundtrack
731,732,Folsom Prison Blues
732,733,Fool For You
733,734,For Always
734,735,For The Good Times
735,736,For Unlawful Carnal Knowledge
736,737,For Your Love
737,738,"Forever And Ever, Amen"
738,739,Forever In Love
739,740,Forgive Me
740,741,Forgot About Dre
741,742,Free As A Bird
742,743,Free Fall
743,744,Freedom & Faith
744,745,Freeway Of Love
745,746,Friends
746,747,From A Distance
747,748,From The Bottle To The Bottom
748,749,From The Bottom Of My Heart
749,750,From This Valley
750,751,Fuck You
751,752,Fulfillingness' First Finale
752,753,Funny Way Of Laughin'
753,754,Future Baby Mama
754,755,Gabrieli: Antiphonal Music Of Gabrieli
755,756,Gaiete Parisienne
756,757,Gallant Men
757,758,Galvanize
758,759,Games People Play
759,760,Gangsta's Paradise
760,761,Gaucho
761,762,Gentle On My Mind
762,763,Georgia On My Mind
763,764,Gershwin Live!
764,765,Gershwin's World
765,766,Gershwin: Porgy And Bess
766,767,Gershwin: Rhapsody In Blue
767,768,Get Lucky
768,769,Get Right With God
769,770,Get Up
770,771,Get Ur Freak On
771,772,Gettin' Jiggy Wit It
772,773,Getz/Gilberto
773,774,Ghostbusters (Instrumental)
774,775,Giant Steps
775,776,Girl Crush
776,777,Girl Goin' Nowhere
777,778,Girl In The Movies
778,779,Girls In Their Summer Clothes
779,780,Give 'Em Hell Harry
780,781,Give A Little Love
781,782,Give It Away
782,783,Give Me One Reason
783,784,Give Me The Night
784,785,Give My Love To Rose
785,786,Give Yourself A Try
786,787,Giving You The Best That I Got
787,788,Glass Houses
788,789,Glory
789,790,"Glory Of Gabrieli Vol. II - Canzonas For Brass, Winds, Strings And Organ"
790,791,Go Get It
791,792,Go Rest High On That Mountain
792,793,God Bless The Child
793,794,God In Me
794,795,God Is Dead?
795,796,God Is In The House
796,797,God Only Knows
797,798,God Provides
798,799,God's Country
799,800,God's Not Done With You (Single Version)
800,801,God's Plan
801,802,Goin' Out Of My Head
802,803,Going Away
803,804,Gold Digger
804,805,Gold Roses
805,806,Golijov: Ainadamar: Fountain Of Tears
806,807,Good Evening
807,808,Good Feelin'
808,809,Good Life
809,810,"Good Man, Good Woman"
810,811,"Good Morning, Vietnam"
811,812,Got To Keep On
812,813,Gotta Serve Somebody
813,814,Grace
814,815,Graceland
815,816,Gracias! America Sin Fronteras
816,817,Gracie - A Love Story
817,818,Granados: Goyescas; Allegro De Concierto; Danza Lenta
818,819,Grand Old Gospel
819,820,Grandpa (Tell Me 'Bout The Good Old Days)
820,821,Gravedigger
821,822,Gravity
822,823,Gravy Waltz
823,824,Great American Documents
824,825,Great Band With Great Voices
825,826,Great Gospel Songs
826,827,Great Scenes From Gershwin's Porgy And Bess
827,828,Great Songs Of Love And Faith
828,829,Guajira Pa La Jeva
829,830,Guerrilla Radio
830,831,Guilty
831,832,Guitar From Ipanema
832,833,HUMBLE.
833,834,Habana
834,835,Halo
835,836,Hammerhead
836,837,Handel: Messiah
837,838,Handel: Semele
838,839,Handy Man
839,840,Hang On In There
840,841,Hang On Sloopy
841,842,Happiest Girl In The Whole USA
842,843,Happiness In Slavery
843,844,Happy (Live)
844,845,Happy Man
845,846,Hard Again
846,847,Hard Place
847,848,Hard Workin' Man
848,849,Harder Better Faster Stronger
849,850,Harlem Renaissance Suite
850,851,Harmony Hall
851,852,Harper Valley P.T.A.
852,853,"Hartke, Stephen: Meanwhile - Incidental Music To Imaginary Puppet Plays"
853,854,Hasten Down The Wind
854,855,Haven't Seen It Yet
855,856,"Haydn: Piano Sonatas Nos. 29, 31, 34, 35 & 49"
856,857,"Haydn: Piano Sonatas, Nos. 32, 47, 53, 59"
857,858,Haydn: The Complete String Quartets
858,859,Haydn: The Creation
859,860,Haydn: Trumpet Concerto In E Flat/L. Mozart: Trumpet  Concerto In D/Hummel: Trumpet Concerto In E Flat
860,861,He Is Christmas
861,862,He Set My Life To Music
862,863,He Stopped Loving Her Today
863,864,He Think I Don't Know
864,865,He Touched Me
865,866,He Wasn't Man Enough
866,867,He's A Rebel
867,868,Healing Chant
868,869,Heartache Tonight
869,870,Heaven
870,871,Heaven And Earth
871,872,Heaven Help Us All
872,873,Heaven's Just A Sin Away
873,874,Heed The Call
874,875,Hella Good (Roger Sanchez Remix Main)
875,876,Hello
876,877,Hello Fear
877,878,"Hello Mudduh, Hello Faddah"
878,879,Hello Nasty
879,880,"Hello, Dolly!"
880,881,Help Me Believe
881,882,Help Me Make It Through The Night
882,883,Helter Skelter
883,884,Herbert: Music Of Victor Herbert
884,885,Here And Now
885,886,Here Comes My Baby
886,887,Here Comes The Rain
887,888,Here To Stay
888,889,Here We Go Again
889,890,Here You Come Again
890,891,Here's To The Ladies
891,892,Hey Baby
892,893,Hey Lover
893,894,Hey Ya!
894,895,"Hey, Ma"
895,896,"Hey, Soul Sister (Live)"
896,897,Hidden Charms
897,898,"Higdon, Jennifer: Percussion Concerto"
898,899,Higdon: Harp Concerto
899,900,High Flying
900,901,High Life
901,902,Higher
902,903,Higher Love
903,904,Higher Plane
904,905,Hightower
905,906,Highwayman
906,907,"Hindemith: Kammermusik No. 1 With Finale 1921, Op. 24 No. 1"
907,908,Hindemith: When Lilacs Last In The Dooryard Bloom'd
908,909,History Repeats
909,910,Hit The Road Jack
910,911,Hold It Right There
911,912,Hold Me
912,913,Hold On I'm Comin'
913,914,Holy Spirit
914,915,Home Where I Belong
915,916,Homenaje a Beny More
916,917,"Horowitz - Discovered Treasures (Chopin, Liszt, Scarlatti, Scriabin, Clementi)"
917,918,"Horowitz - The Studio Recordings, New York 1985"
918,919,Horowitz At Carnegie Hall - An Historic Return
919,920,Horowitz Concerts 1975/76
920,921,"Horowitz In Concert (Haydn, Schumann, Scriabin, Debussy, Mozart, Chopin)"
921,922,Horowitz In Moscow
922,923,"Horowitz On Television (Chopin, Scriabin, Scarlatti, Horowitz)"
923,924,Horowitz Plays Chopin
924,925,Horowitz Plays Rachmaninoff (Etudes-Tableaux Piano Music; Sonatas)
925,926,Hot House
926,927,Hot House Flowers
927,928,Hot In Herre
928,929,Hot Stuff
929,930,Hotel California
930,931,Hotline Bling
931,932,House Of Mercy
932,933,Houseparty New Orleans Style
933,934,How Am I Supposed To Live Without You
934,935,How Can I Ease The Pain
935,936,How Deep Is Your Love
936,937,How Do I Live
937,938,How Excellent Is Thy Name
938,939,How Far I'll Go
939,940,How Glad I Am
940,941,How Great Thou Art
941,942,How I Got Over
942,943,How Long
943,944,Humanicide
944,945,Humble And Kind
945,946,Hummingbyrd
946,947,Humor In Music
947,948,Humperdinck: Hansel & Gretel
948,949,Hurts So Good
949,950,I
950,951,I Am Woman
951,952,I Apologize
952,953,I Believe I Can Fly
953,954,I Believe I Can Fly (From Space Jam)
954,955,I Believe In You
955,956,I Can't Help It (If I'm Still In Love With You)
956,957,I Can't Stop Loving You
957,958,I Dig Chicks
958,959,I Do Not Want What I Haven't Got
959,960,I Don't Know Why You Don't Want Me
960,961,I Don't Remember Me (Before You)
961,962,I Don't Wanna Play House
962,963,I Don't Wanna Ride The Rails No More
963,964,I Don't Want To Change The World
964,965,I Dreamed There Was No War
965,966,I Feel For You
966,967,I Feel Lucky
967,968,I Gotta Feeling
968,969,I Heard You Twice The First Time
969,970,I Honestly Love You
970,971,I Hope You Dance
971,972,I Knew You Were Waiting (For Me)
972,973,I Know A Place
973,974,I Left My Heart In San Francisco
974,975,I Remember Miles
975,976,I Remember Warsaw
976,977,I Rise (Tracy Young's Pride Intro Radio Remix)
977,978,I Run To You
978,979,I See The Light (From Tangled)
979,980,I Started Out As A Child
980,981,I Still Believe In You
981,982,I Surrender All
982,983,I Swear
983,984,I Try
984,985,I Wanna Dance With Somebody (Who Loves Me)
985,986,I Will Always Love You
986,987,I Will Remember You
987,988,I Will Say Goodbye
988,989,I Will Survive
989,990,I Wish
990,991,I Write The Songs
991,992,I'd Do Anything For Love (But I Won't Do That)
992,993,I'll Be Good To You
993,994,I'll Be Missing You
994,995,I'll Be There For You/You're All I Need To Get By
995,996,I'll Be Thinking Of You
996,997,I'll Make Love To You
997,998,I'll Never Fall In Love Again
998,999,I'll Never Love Again (Film Version)
999,1000,I'll Never Love This Way Again
1000,1001,I'll Rise Again
1001,1002,I'm Following You
1002,1003,I'm Here
1003,1004,I'm In The Mood
1004,1005,I'm Like A Bird
1005,1006,I'm Not Gonna Miss You
1006,1007,I'm On My Way
1007,1008,I'm Ready
1008,1009,I'm So Glad I'm Standing Here Today
1009,1010,I've Got That Old Feeling
1010,1011,I've Just Seen Jesus
1011,1012,I.O.U.
1012,1013,Icky Thump
1013,1014,If He Did It Before... Same God [Live]
1014,1015,If He Walked Into My Life
1015,1016,If I Ain't Got You
1016,1017,"If I Didn't Have You (From Monsters, Inc.)"
1017,1018,If I Ever Lose My Faith In You
1018,1019,If I Had A Hammer
1019,1020,If I Were A Carpenter
1020,1021,If It Makes You Happy
1021,1022,If We Were Vampires
1022,1023,If You Don't Know Me By Now
1023,1024,If You Ever Have Forever In Mind
1024,1025,If You Leave Me Now
1025,1026,Images
1026,1027,Imaginary Day
1027,1028,Imagine Me
1028,1029,In 27 Pieces - The Hilary Hahn Encores
1029,1030,In Gospel Country
1030,1031,In Harmony 2
1031,1032,In Harmony/A Sesame Street Record
1032,1033,In My Dreams
1033,1034,In My Place
1034,1035,In My Songs
1035,1036,In Square Circle
1036,1037,In Step
1037,1038,In The Beginning God
1038,1039,In The Ghetto
1039,1040,Independence Day
1040,1041,Indigo Girls
1041,1042,Infinity
1042,1043,Innervisions
1043,1044,Inside
1044,1045,Inside Shelley Berman
1045,1046,Intergalactic
1046,1047,Interviews From The Class Of '55 Recording Sessions
1047,1048,Intimate Letters
1048,1049,Intimate Voices
1049,1050,Into The Light
1050,1051,Into The Sun
1051,1052,Into The West (From The Lord Of The Rings - The Return Of The King)
1052,1053,Introducing The Hardline According To Terence Trent D'arby
1053,1054,Irakere
1054,1055,Iron Man
1055,1056,Is It Something I Said?
1056,1057,Is That All There Is?
1057,1058,Is This Love
1058,1059,Isaac Stern 60th Anniversary Celebration
1059,1060,It All Comes Out In The Wash
1060,1061,It Was A Lover And His Lass
1061,1062,It Was A Very Good Year
1062,1063,It's Always Something
1063,1064,It's Five O'Clock Somewhere
1064,1065,It's My Life (Jacques Lu Cont's Thin White Duke Mix)
1065,1066,It's Not Right But It's Okay
1066,1067,It's Too Late
1067,1068,It's What I Do
1068,1069,It's Your Thing
1069,1070,Ives: Music For Chorus
1070,1071,Ives: New Music Of Charles Ives
1071,1072,"Ives: Songs (The Things Our Fathers Loved; The Housatonic At Stockbridge, Etc.)"
1072,1073,"Ives: String Quartets Nos. 1, 2/Barber: String Quartet Op. 11 (American Originals)"
1073,1074,Ives: Symphony No. 4
1074,1075,J Mood
1075,1076,Jackson
1076,1077,Jai Ho (From Slumdog Millionaire)
1077,1078,Jam Man
1078,1079,James Cleveland Live At Carnegie Hall
1079,1080,Janie's Got A Gun
1080,1081,Janácek: From The House Of The Dead
1081,1082,Janácek: Jenufa
1082,1083,Java
1083,1084,Jazz From Hell
1084,1085,Jazz Suite On The Mass Texts
1085,1086,Jeff Beck's Guitar Shop with Terry Bozzio & Tony Hymas
1086,1087,Jerome
1087,1088,Jessica
1088,1089,Jessie's Girl
1089,1090,Jesus
1090,1091,Jesus Children
1091,1092,Jesus Walks
1092,1093,"Jesus, Take The Wheel"
1093,1094,"Jesus, We Just Want To Thank You"
1094,1095,Joanne (Where Do You Think You're Goin'?)
1095,1096,Joe Henderson Big Band
1096,1097,John F. Kennedy - As We Remember Him
1097,1098,Jolene
1098,1099,Jonathan And Darlene Edwards In Paris
1099,1100,Jonathan Livingston Seagull
1100,1101,Joplin: The Red Back Book
1101,1102,Journey
1102,1103,Journey To The New World
1103,1104,Jousts
1104,1105,Joyful Noise Suite
1105,1106,Judy At Carnegie Hall
1106,1107,"Julian And John (Works By Lawes, Carulli, Albeniz, Granados)"
1107,1108,Jump (For My Love)
1108,1109,Jump Jive An' Wail
1109,1110,Just A Little Talk With Jesus
1110,1111,Just The Two Of Us
1111,1112,Just The Way You Are
1112,1113,Just To See Her
1113,1114,Kathleen Battle - Salzburg Recital
1114,1115,"Kathleen Battle At Carnegie Hall (Handel, Mozart, Liszt, Strauss, etc.)"
1115,1116,Keep On The Sunny Side
1116,1117,Keep The Flame Burning
1117,1118,Kernis: Violin Concerto
1118,1119,Kid Sister
1119,1120,Killer Diller Blues
1120,1121,Killing Me Softly With His Song
1121,1122,King Of The Road
1122,1123,King's Dead
1123,1124,Kiss
1124,1125,Kiss An Angel Good Mornin'
1125,1126,Kiss From A Rose
1126,1127,"Knoxville - Summer Of 1915 (Music Of Barber, Menotti, Harbison, Stravinsky)"
1127,1128,L-O-V-E
1128,1129,LOYALTY.
1129,1130,La Onda Va Bien
1130,1131,La Pistola y El Corazon
1131,1132,La Rosa De Los Vientos
1132,1133,La Verdad - The Truth
1133,1134,Lake By The Ocean
1134,1135,Lake Wobegon Days
1135,1136,Lambada Timbales
1136,1137,"Lang, David: The Little Match Girl Passion"
1137,1138,Last Dance
1138,1139,Last Name
1139,1140,Last Tango In Paris
1140,1141,Latin Soul
1141,1142,Layla
1142,1143,Lazaretto
1143,1144,Le Lo Lai
1144,1145,"Le Mystere Des Voix Bulgares, Vol. II"
1145,1146,Lead Me On
1146,1147,Lean On Me
1147,1148,Leaving Cottondale
1148,1149,Lehar: The Merry Widow
1149,1150,"Lena Horne - The Lady And Her Music, Live On Broadway"
1150,1151,Lenny
1151,1152,Leontyne Price & Marilyn Horne In Concert At The Met
1152,1153,Leontyne Price Sings Richard Strauss
1153,1154,Leontyne Price Sings Robert Schumann
1154,1155,Let Brotherly Love Continue
1155,1156,Let Her Cry
1156,1157,Let It Go
1157,1158,Let It Whip
1158,1159,Let Me Be There
1159,1160,Let Me Live
1160,1161,Let Me Ride
1161,1162,Let My People Go
1162,1163,Let The Good Times Roll
1163,1164,Let The River Run (From Working Girl)
1164,1165,Let's Get It Started
1165,1166,Let's Get Small
1166,1167,Let's Just Praise The Lord
1167,1168,Let's Twist Again
1168,1169,Letter From Home
1169,1170,Letter To Me
1170,1171,Life & Breath - Choral Works By René Clausen
1171,1172,Life In Eleven
1172,1173,Lift Up The Name Of Jesus
1173,1174,Ligeti: String Quartets Nos. 1 & 2
1174,1175,Light & Gold
1175,1176,Light My Fire
1176,1177,Light Years
1177,1178,Like Minds
1178,1179,Like Young
1179,1180,Lil' Jack Slade
1180,1181,Linked
1181,1182,Liszt: A Faust Symphony
1182,1183,"Liszt: Concerto No. 1 For Piano & Orchestra (Bernstein, cond.; N.Y. Philharmonic)"
1183,1184,Little Ghetto Boy
1184,1185,Little Green Apples
1185,1186,Little Liza Jane
1186,1187,Little Things
1187,1188,Little Wing
1188,1189,Live And Direct
1189,1190,Live At Carnegie Hall - The 50th Anniversary Concert
1190,1191,Live At Manchester Craftsmen's Guild
1191,1192,Live At San Quentin
1192,1193,Live At The Royal Festival Hall
1193,1194,Live From Lincoln Center - Sutherland/Horne/Pavarotti
1194,1195,Live In London
1195,1196,Live In Munich
1196,1197,Live Like You Were Dying
1197,1198,Live On The Sunset Strip
1198,1199,Live! - One Night Only
1199,1200,Livin' On The Edge
1200,1201,Living For The City
1201,1202,Living In America
1202,1203,Llego...Van Van - Van Van Is Here
1203,1204,Lloyd Webber: Requiem
1204,1205,Lollipop
1205,1206,Lollipops And Roses
1206,1207,Lonely Boy
1207,1208,Lonesome Cities
1208,1209,Long Time Gone
1209,1210,Look At Me Now
1210,1211,Look To The Rainbow
1211,1212,Look What I Got!
1212,1213,Looking In The Eyes Of Love
1213,1214,"Lord, Let Me Be An Instrument"
1214,1215,Lorraine Hunt Lieberson Sings Peter Lieberson: Neruda Songs
1215,1216,Los Cochinos
1216,1217,Los Super Seven
1217,1218,Lose Yourself
1218,1219,Losing My Religion
1219,1220,Lost In The Fifties Tonight
1220,1221,Lost In The Fifties Tonight (In The Still Of The Night)
1221,1222,Love Again
1222,1223,Love Bites (So Do I)
1223,1224,Love Can Build A Bridge
1224,1225,Love Has Come For You
1225,1226,Love Is A Battlefield
1226,1227,Love Of My Life (An Ode To Hip Hop)
1227,1228,Love On Top
1228,1229,Love Overboard
1229,1230,Love Song
1230,1231,Love Theme From A Star Is Born (Evergreen)
1231,1232,Love Theme From Flashdance
1232,1233,Love Theme From Romeo And Juliet
1233,1234,Love Theory
1234,1235,Love Will Keep Us Together
1235,1236,Love You I Do (From Dreamgirls)
1236,1237,Love's In Need Of Love Today
1237,1238,"Love, A Beautiful Force"
1238,1239,LoveStoned/I Think She Knows
1239,1240,Lover
1240,1241,Lover Please
1241,1242,Loves Me Like A Rock
1242,1243,Lowdown
1243,1244,Luciano Pavarotti - Hits From Lincoln Center
1244,1245,Luciano Pavarotti In Concert
1245,1246,Lucille
1246,1247,Luck Of The Draw
1247,1248,Lutoslawski: Symphony No. 3
1248,1249,Lyin' Eyes
1249,1250,Lyle Lovett And His Large Band
1250,1251,MTV Unplugged
1251,1252,MTV Unplugged In New York
1252,1253,Ma Rainey's Black Bottom
1253,1254,MacArthur Park
1254,1255,Machito & His Salsa Big Band '82
1255,1256,Mack The Knife
1256,1257,Mackey: Lonely Motel - Music From Slide
1257,1258,Made In America
1258,1259,Mahler: Des Knaben Wunderhorn
1259,1260,Mahler: Kindertotenlieder
1260,1261,Mahler: Sym. No. 10
1261,1262,Mahler: Sym. No. 7 In E Min. (Song Of The Night)
1262,1263,Mahler: Symphony No. 1 In D
1263,1264,Mahler: Symphony No. 2 In C Minor
1264,1265,Mahler: Symphony No. 3
1265,1266,Mahler: Symphony No. 3 In D Minor
1266,1267,Mahler: Symphony No. 5/Berg: Wozzeck Excerpts
1267,1268,Mahler: Symphony No. 6
1268,1269,Mahler: Symphony No. 6 In A Minor
1269,1270,Mahler: Symphony No. 7
1270,1271,Mahler: Symphony No. 7 In E Minor
1271,1272,Mahler: Symphony No. 7 In E Minor (Song Of The Night)
1272,1273,Mahler: Symphony No. 8 (Symphony Of A Thousand)
1273,1274,Mahler: Symphony No. 8 In E Flat (Symphony Of A Thousand)
1274,1275,Mahler: Symphony No. 8 In E Flat Major (Symphony Of A Thousand)
1275,1276,Mahler: Symphony No. 8; Adagio From Symphony No. 10
1276,1277,Mahler: Symphony No. 9
1277,1278,Mahler: Symphony No. 9 In D
1278,1279,Make It Mine
1279,1280,"Make No Mistake, She's Mine"
1280,1281,Makes Me Wonder
1281,1282,Makin' Whoopee
1282,1283,Mama He's Crazy
1283,1284,Mama Said Knock You Out
1284,1285,Mamas Don't Let Your Babies Grow Up To Be Cowboys
1285,1286,Mambo Birdland
1286,1287,Mambo Diablo
1287,1288,Man! I Feel Like A Woman!
1288,1289,Manhattan (Island Of Lights And Love)
1289,1290,Maria Maria
1290,1291,Mariachi Suite
1291,1292,Mark Isham
1292,1293,Mark Twang
1293,1294,Marooned
1294,1295,Married Life
1295,1296,Marsalis Standard Time - Volume I
1296,1297,Marsalis: Violin Concerto In D Major
1297,1298,Martin
1298,1299,Marwa Blues
1299,1300,Mary Poppins
1300,1301,Masseduction
1301,1302,Master Of Eyes
1302,1303,Master Sessions Volume 1
1303,1304,Maw: Violin Concerto
1304,1305,McLoskey: Zealot Canticles
1305,1306,Me And Jerry
1306,1307,Me And Mrs. Jones
1307,1308,Me Enamore
1308,1309,Me Gustas Tal Como Eres
1309,1310,Mean
1310,1311,Meantime
1311,1312,Meanwhile
1312,1313,Men In Black
1313,1314,Mendelssohn: The Complete String Quartets
1314,1315,"Mercy, Mercy, Mercy"
1315,1316,Merengue
1316,1317,Merry Go 'Round
1317,1318,Messengers
1318,1319,Messiaen: Concert A Quatre
1319,1320,Messiaen: Livre Du Saint-Sacrement
1320,1321,Messiaen: Oiseaux Exotiques (Exotic Birds)
1321,1322,Metallica
1322,1323,Miami Vice Theme
1323,1324,Michael W. Smith
1324,1325,Michelle
1325,1326,Middle Child
1326,1327,Midnight Flyer
1327,1328,Midnight Hour
1328,1329,Midnight Train To Georgia
1329,1330,Miles And Quincy Live At Montreux
1330,1331,Minute By Minute
1331,1332,Miss Independent
1332,1333,Mission Impossible/Norwegian Wood Medley
1333,1334,Missionary Man
1334,1335,"Monday, Monday"
1335,1336,Money For Nothing
1336,1337,Money Maker
1337,1338,Montreaux '77 - Oscar Peterson Jam
1338,1339,Moods
1339,1340,Moody's Mood
1340,1341,Moon River
1341,1342,More Grand Old Gospel
1342,1343,More Live
1343,1344,More Than Wonderful
1344,1345,Mornin'
1345,1346,Morning Like This
1346,1347,Most High
1347,1348,Mother's Daughter (Wuki Remix)
1348,1349,Mountain Music
1349,1350,Mozart Goes Dancing
1350,1351,Mozart: Cosi Fan Tutte
1351,1352,Mozart: Kathleen Battle Sings Mozart
1352,1353,Mozart: Le Nozze Di Figaro
1353,1354,Mozart: Piano Concerto No. 23
1354,1355,Mozart: Piano Concertos Nos. 23 & 24
1355,1356,Mozart: Requiem
1356,1357,Mozart: The Marriage Of Figaro
1357,1358,Mozart: Violin Concertos Nos. 2 And 4
1358,1359,Mr. Lucky
1359,1360,Mr. Tambourine Man: Seven Poems Of Bob Dylan
1360,1361,Mrs. O'Leary's Cow
1361,1362,Mrs. Robinson
1362,1363,Ms. Jackson
1363,1364,"Muddy ""Mississippi"" Waters Live"
1364,1365,Musician
1365,1366,Musicology
1366,1367,Mutations
1367,1368,My Apocalypse
1368,1369,My Boo
1369,1370,My Church
1370,1371,My Father's Eyes
1371,1372,My Guitar Sings The Blues
1372,1373,My Heart Will Go On (Love Theme From Titanic)
1373,1374,My Humps
1374,1375,My Maria
1375,1376,My Name Is
1376,1377,My Name Is Barbra
1377,1378,My Toot Toot
1378,1379,"My Woman, My Woman, My Wife"
1379,1380,Mystery Lady - Songs Of Billie Holiday
1380,1381,N****s In Paris
1381,1382,Need You Now
1382,1383,Neither One Of Us (Wants To Be The First To Say Goodbye)
1383,1384,Nel Blu Dipinto Di Blu (Volare)
1384,1385,Nessun Dorma
1385,1386,Never Alone
1386,1387,Never Gonna Break My Faith
1387,1388,Never Have To Be Alone
1388,1389,Never Knew Love Like This Before
1389,1390,New Fang
1390,1391,New Moon Daughter
1391,1392,New Orleans Suite
1392,1393,New York Scene
1393,1394,Next Big Thing
1394,1395,Nick Of Time
1395,1396,Nightshift
1396,1397,No Diggity
1397,1398,No Greater Love
1398,1399,No Guidance
1399,1400,No Jacket Required
1400,1401,"No More ""I Love You's"""
1401,1402,No Mystery
1402,1403,No Nuclear War
1403,1404,No One
1404,1405,No Ordinary Love
1405,1406,No Problem
1406,1407,No Respect
1407,1408,No Scrubs
1408,1409,No Shortage
1409,1410,None Of Your Business
1410,1411,Norman F***ing Rockwell
1411,1412,Norman: Sustain
1412,1413,Not Afraid
1413,1414,Not Ready To Make Nice
1414,1415,Nothin' But The Blues
1415,1416,Não Identificado
1416,1417,O Death
1417,1418,O Sole Mio - Favorite Neapolitan Songs
1418,1419,Ode To Billie Joe
1419,1420,Odelay
1420,1421,Off Broadway
1421,1422,Offramp
1422,1423,Oh Happy Day
1423,1424,Oh Pretty Woman
1424,1425,Ok Computer
1425,1426,Old 8x10
1426,1427,Old Town Road
1427,1428,Olympic Fanfare & Theme
1428,1429,On & On
1429,1430,On Broadway
1430,1431,On Praying Ground
1431,1432,On The Road
1432,1433,On The Road Again
1433,1434,On To The Next One
1434,1435,Once Upon A Time In The West
1435,1436,One
1436,1437,One Bright Day
1437,1438,One Headlight
1438,1439,One Hundred Ways
1439,1440,"One Lord, One Faith, One Baptism"
1440,1441,One O'Clock Jump
1441,1442,One Of The Living
1442,1443,One On One
1443,1444,One Week Last Summer
1444,1445,Only Girl (In The World)
1445,1446,Only Jesus
1446,1447,"Opera Arias - Works Of Mozart, Wagner, Borodin"
1447,1448,Operatic Recital
1448,1449,Orange Blossom Special/Hoedown
1449,1450,Ordinary People
1450,1451,Orff: Carmina Burana
1451,1452,Orff: Catulli Carmina
1452,1453,Oscar Peterson And Dizzy Gillespie
1453,1454,Otis
1454,1455,Our Town (From Cars)
1455,1456,Out Of Africa
1456,1457,Out Of The Loop
1457,1458,Outa-Space
1458,1459,Overcomer
1459,1460,P.D.Q. Bach: 1712 Overture & Other Musical Assaults
1460,1461,P.D.Q. Bach: Oedipus Tex And Other Choral Calamities
1461,1462,Padilla: Sun Of Justice
1462,1463,Palo Pa Rumba
1463,1464,Panini
1464,1465,Papa Was A Rollin' Stone
1465,1466,Papa's Got A Brand New Bag
1466,1467,Parents Just Don't Understand
1467,1468,Passion - Music For The Last Temptation Of Christ
1468,1469,Passionate Kisses
1469,1470,Patches
1470,1471,Paulus: Prayers & Remembrances
1471,1472,Peaches En Regalia
1472,1473,Pearls
1473,1474,Pecos Bill
1474,1475,"Penderecki Conducts Penderecki, Volume 1"
1475,1476,Penderecki: Cello Concerto No. 2
1476,1477,Penderecki: Credo
1477,1478,"Penderecki: Violin Concerto No. 2 ""Metamorphosen"""
1478,1479,Pensamientos For Solo Alto Saxophone And Chamber Orchestra
1479,1480,People
1480,1481,Perfectly Frank
1481,1482,Perpetulum
1482,1483,Peter And The Wolf
1483,1484,Peter Gunn
1484,1485,"Peter, Paul And Mommy"
1485,1486,"Piano Music Of Salonen, Stucky, And Lutoslawski"
1486,1487,Picker: Fantastic Mr. Fox
1487,1488,Pickin' On Nashville
1488,1489,Piece Of Your Heart
1489,1490,Pink
1490,1491,Pintame
1491,1492,Plan B
1492,1493,Play Music For Two Violins (Moszkowski: Suite For Two Violins/Shostakovich: Duets/Prokofiev: Sonata For Two Violins)
1493,1494,Please Come Home
1494,1495,Please Don't Tell Me How The Story Ends
1495,1496,Please Read The Letter
1496,1497,Plush
1497,1498,Poker Face
1498,1499,Politics
1499,1500,Pontoon
1500,1501,Por Eso Te Amo
1501,1502,Por Que Te Tengo Que Olvidar?
1502,1503,Portraits Of Cuba
1503,1504,Power Of Love
1504,1505,Power Of Love/Love Power
1505,1506,Pray
1506,1507,Precious Lord
1507,1508,"Premieres - Cello Concertos (Works Of Danielpour, Kirchner, Rouse)"
1508,1509,Presenting The New Christy Minstrels
1509,1510,Pretty Little Adriana
1510,1511,Pretty Waste
1511,1512,Pretty Wings
1512,1513,"Previn: Violin Concerto ""Anne-Sophie""/Bernstein: Serenade"
1513,1514,"Prima Donna (Works Of Barber, Purcell, Etc.)"
1514,1515,"Prima Donna, Vol. 5 - Great Soprano Arias From Handel To Britten"
1515,1516,"Prima Donna, Volume 2"
1516,1517,Prime Time
1517,1518,Priority
1518,1519,Producer's Medley
1519,1520,Prokofiev (Arr. Pletnev): Cinderella - Suite For Two Pianos/Ravel: Ma Mère L'Oye
1520,1521,Prokofiev: Peter And The Wolf
1521,1522,Prokofiev: Peter And The Wolf/Saint-Saens: Carnival Of The Animals
1522,1523,Prokofiev: Piano Concertos Nos. 1 & 3/Bartók: Piano Concerto No. 3
1523,1524,Prokofiev: Piano Concertos Nos. 2 & 3
1524,1525,Prokofiev: Romeo And Juliet (Scenes From The Ballet)
1525,1526,Prokofiev: Sinfonia Concertante/Tchaikovsky: Variations On A Rococo Theme
1526,1527,Prokofiev: Symphony No. 5 In B Flat
1527,1528,"Prokofiev: Symphony No. 5 In B Flat, Op. 100"
1528,1529,Prokofiev: Violin Concerto No. 1 In D
1529,1530,Promises (Skrillex & Nero Remix)
1530,1531,Proud Mary
1531,1532,Puccini: Heroines
1532,1533,Puccini: La Boheme
1533,1534,Puccini: Madama Butterfly
1534,1535,Puccini: Madame Butterfly
1535,1536,Purple Rain - Music From The Motion Picture
1536,1537,Pusher Love Girl
1537,1538,Put Your Hand In The Hand Of The Man From Galilee
1538,1539,Put Your Lights On
1539,1540,Pärt: Adam's Lament
1540,1541,Pärt: Da Pacem
1541,1542,Q
1542,1543,Queen Ida & The Bon Temps Zydeco Band On Tour
1543,1544,Queen Of The House
1544,1545,R. Strauss: Ariadne Auf Naxos
1545,1546,R. Strauss: Die Frau Ohne Schatten
1546,1547,Rachmaninoff - Hermitage Piano Trio
1547,1548,Rachmaninoff: All-Night Vigil
1548,1549,Rachmaninoff: Con. No. 3 In D Minor For Piano (Horowitz Golden Jubilee)
1549,1550,Rachmaninoff: Piano Concerto No. 3
1550,1551,Rachmaninoff: The Bells
1551,1552,Rachmaninoff: Vespers
1552,1553,Racks In The Middle
1553,1554,Radio Nowhere
1554,1555,Radioactive
1555,1556,Raiders Of The Lost Ark - The Movie On Record
1556,1557,Raisin' The Dickins
1557,1558,Rapture
1558,1559,Rare Blues
1559,1560,Rather Be
1560,1561,Ravel: Bolero
1561,1562,Ravel: Concerto For Left Hand And Concerto For Piano In G/Faure: Fantaisie For Piano And Orchestra
1562,1563,Ravel: Daphnis Et Chloe
1563,1564,Ravel: Daphnis Et Chloe (Complete Ballet)
1564,1565,Ravel: Daphnis Et Chloé
1565,1566,Ravel: Gaspard De La Nuit; Pavane Pour Une Infante Defunte; Valses Nobles Et Sentimentales
1566,1567,Ravel: L'Enfant Et Les Sortilèges; Shéhérazade
1567,1568,Ravel: Songs Of Maurice Ravel
1568,1569,Ray Of Light
1569,1570,Ready To Run
1570,1571,Real Games
1571,1572,Reality...What A Concept
1572,1573,Really Love
1573,1574,Rebirth Of Slick (Cool Like Dat)
1574,1575,Recuerdo A Javier Solis
1575,1576,Red Wing
1576,1577,Redbone
1577,1578,Redneck Woman
1578,1579,Refreshing
1579,1580,Reggatta De Blanc
1580,1581,Rehab
1581,1582,Reich: Different Trains
1582,1583,Reich: Music For 18 Musicians
1583,1584,Rejoice
1584,1585,Release Me (From My Sin)
1585,1586,Reptile
1586,1587,Rescue Story
1587,1588,Respect
1588,1589,Restless
1589,1590,Resurrection
1590,1591,Rev. Du Rite
1591,1592,Revenge
1592,1593,Reverie For Spanish Guitar
1593,1594,Revolver (David Guetta's One Love Club Remix)
1594,1595,Ride Me Back Home
1595,1596,Ridin
1596,1597,Riding The Midnight Train
1597,1598,Rilke Songs
1598,1599,Rise
1599,1600,Ritmo En El Corazon
1600,1601,Roberto Carlos
1601,1602,Robin Hood - Prince Of Thieves
1602,1603,Rockestra Theme
1603,1604,Rockit
1604,1605,Roll Some Mo
1605,1606,Roll With It
1606,1607,Rolling In The Deep
1607,1608,Romances
1608,1609,Roomful Of Teeth
1609,1610,Ropin' The Wind
1610,1611,Rorem: String Symphony; Sunday Morning; Eagles
1611,1612,Rosanna
1612,1613,Rose Garden
1613,1614,Rossini: Rarities
1614,1615,Rouse: Concert De Gaudí For Guitar & Orchestra
1615,1616,Route 66
1616,1617,Royals
1617,1618,Run
1618,1619,Run This Town
1619,1620,Run-Around
1620,1621,Runaway Train
1621,1622,Runnin'
1622,1623,SRV Shuffle
1623,1624,Saariaho: L'Amour De Loin
1624,1625,Sacajawea
1625,1626,Sacrificium
1626,1627,Safe & Sound (From The Hunger Games)
1627,1628,Said And Done
1628,1629,Sail On
1629,1630,Sailin'
1630,1631,Sailin' On The Sea Of Your Love
1631,1632,Sailing
1632,1633,Saint Honesty
1633,1634,Saint-Saens: Carnival Of The Animals/Britten: Young Person's Guide To The Orchestra
1634,1635,Sander: The Divine Liturgy Of St. John Chrysostom
1635,1636,Sassy
1636,1637,Saturday Night At The Blue Note
1637,1638,Saturday Night Fever
1638,1639,Saving All My Love For You
1639,1640,Saving Private Ryan
1640,1641,Say
1641,1642,Say My Name
1642,1643,Say So
1643,1644,Say Something
1644,1645,Scar Tissue
1645,1646,Scary Monsters And Nice Sprites
1646,1647,Schindler's List
1647,1648,Schism
1648,1649,"Schneider, Maria: Winter Morning Walks"
1649,1650,Schoenberg/Sibelius: Violin Concertos
1650,1651,Schoenberg: Moses Und Aron
1651,1652,Schoenberg: Quartets For Strings (Complete)
1652,1653,Schubert: Lieder
1653,1654,Schubert: Lieder With Orchestra
1654,1655,Schubert: Piano Sonatas (B Flat Major And A Major)
1655,1656,"Schubert: Trios Nos. 1 In B Flat, Op. 99 And 2 In E Flat, Op. 100 (Piano Trios)"
1656,1657,Scream a.k.a. Itchin'
1657,1658,"Scriabin, Medtner, Stravinsky"
1658,1659,Scriabin: Horowitz Plays Scriabin
1659,1660,Secret Story
1660,1661,See That My Grave Is Kept Clean
1661,1662,See The Light
1662,1663,Segovia Golden Jubilee
1663,1664,Segundo Romance
1664,1665,Send In The Clowns
1665,1666,Serendipity 18
1666,1667,Sesame Country
1667,1668,Sesame Street
1668,1669,Sesame Street Live
1669,1670,Set Fire To The Rain [Live]
1670,1671,Seven Nation Army
1671,1672,Sex On Fire
1672,1673,Sexual Healing
1673,1674,Sexual Healing (Instrumental Version)
1674,1675,Sexy Back
1675,1676,Señorita
1676,1677,Sgt. Pepper's Lonely Hearts Club Band
1677,1678,"Shadow Dances - Stravinsky Miniatures, Tango, Suite No. 1 & Octet"
1678,1679,Shadows Of The Night
1679,1680,Shaka Zulu
1680,1681,Shake Ya Tailfeather
1681,1682,Shallow
1682,1683,Shape Of You
1683,1684,Share Your Love With Me
1684,1685,Shaw: Orange
1685,1686,She Walks This Earth (Soberana Rosa)
1686,1687,Shine
1687,1688,Shining Star
1688,1689,"Shostakovich: 24 Preludes & Fugues, Op. 87"
1689,1690,Shostakovich: Sym. No. 13
1690,1691,Shostakovich: Symphonies Nos. 1 & 7
1691,1692,Shostakovich: Symphonies Nos. 4 & 11
1692,1693,Shostakovich: Symphony No. 4
1693,1694,Shostakovich: Symphony No. 5; Barber: Adagio
1694,1695,Shostakovich: The String Quartets
1695,1696,"Shostakovich: Under Stalin's Shadow - Symphonies Nos. 5, 8 & 9"
1696,1697,Shostakovich: Under Stalin's Shadow - Symphony No. 10
1697,1698,Shostakovich: Violin Concerto No. 1
1698,1699,Shostakovich: Violin Concerto No. 1 In A Minor/Glazunov: Violin Concerto In A Minor
1699,1700,Showdown!
1700,1701,Shut Up And Kiss Me
1701,1702,Sibelius: Cantatas
1702,1703,Sibelius: Symphonies Nos. 1 & 4
1703,1704,Simplemente Mujer
1704,1705,Simply Irresistible
1705,1706,Since U Been Gone
1706,1707,Single Ladies (Put A Ring On It)
1707,1708,Six Feet Under Title Theme
1708,1709,Sketches Of Spain
1709,1710,Skyfall
1710,1711,Sleepwalk
1711,1712,Slither
1712,1713,Smackwater Jack
1713,1714,"Smith, K.: The Arc In The Sky"
1714,1715,Smooth
1715,1716,Sneakin' Around
1716,1717,Snowbird
1717,1718,So Amazing
1718,1719,So Much To Say
1719,1720,"So Near, So Far (Musings For Miles)"
1720,1721,"So Soft, Your Goodbye"
1721,1722,Sofa
1722,1723,Soldier Of Love
1723,1724,Solitary Man
1724,1725,Solito
1725,1726,Some Of It
1726,1727,Somebody That I Used To Know
1727,1728,Someday Baby
1728,1729,Someone Like You
1729,1730,Someone You Loved
1730,1731,Something
1731,1732,Something In The Water
1732,1733,Something To Talk About
1733,1734,Sometimes You Can't Make It On Your Own
1734,1735,Somewhere My Love (Lara's Theme From Dr. Zhivago)
1735,1736,Somewhere Out There
1736,1737,Somewhere Out There (From An American Tail)
1737,1738,Sondheim: Sweeney Todd
1738,1739,Songs In The Key Of Life
1739,1740,Songs Of The Cowboy
1740,1741,Sophisticated Lady (She's A Different Lady)
1741,1742,Soul Cages
1742,1743,Soul Man
1743,1744,Sound System
1744,1745,Southern Flavor
1745,1746,Southland Favorites
1746,1747,Southside
1747,1748,Soy De San Luis
1748,1749,Space Cowboy
1749,1750,Speak The Name
1750,1751,Speech By Rev. Jesse Jackson
1751,1752,Speechless
1752,1753,Spin The Black Circle
1753,1754,Spirit
1754,1755,Spoken At Midnight
1755,1756,Spoonman
1756,1757,Spotless Rose: Hymns To The Virgin Mary
1757,1758,Spread Love
1758,1759,St. Anger
1759,1760,St. Louis Blues
1760,1761,Stand By Your Man
1761,1762,Star Wars
1762,1763,Star Wars - Main Title
1763,1764,Star Wars: Galaxy's Edge Symphonic Suite
1764,1765,Stay
1765,1766,Stay With Me (By The Sea)
1766,1767,Stay With Me (Darkchild Version)
1767,1768,Staying Power
1768,1769,Steady Love
1769,1770,Steady On
1770,1771,Steppin' Out
1771,1772,Steve McQueen
1772,1773,Steve Reich
1773,1774,Still Crazy After All These Years
1774,1775,Still Life (Talking)
1775,1776,Stone Cold Crazy
1776,1777,Straight To The Heart
1777,1778,Strange Imaginary Animals
1778,1779,Stranger In My House
1779,1780,Strangers In The Night
1780,1781,Strauss Wind Concertos - Horn Concerto; Oboe Concerto
1781,1782,Strauss: Also Sprach Zarathustra
1782,1783,"Strauss: Salome (Dance Of The Seven Veils, Interlude, Final Scene)/The Egyptian Helen (Awakening Scene)"
1783,1784,"Stravinsky: Apollo, Concerto In D; Prokofiev: 20 Visions Fugitives"
1784,1785,Stravinsky: Firebird And Petrouchka Suites
1785,1786,Stravinsky: Firebird; The Rite Of Spring; Perséphone
1786,1787,Stravinsky: Le Sacre Du Printemps
1787,1788,Stravinsky: Movements For Piano And Orchestra
1788,1789,Stravinsky: Symphony Of Psalms/Poulenc: Gloria
1789,1790,Stravinsky: The Firebird Ballet
1790,1791,Stravinsky: The Flood
1791,1792,Stravinsky: The Rake's Progress
1792,1793,Stravinsky: Violin Concerto In D
1793,1794,Streets Of Philadelphia
1794,1795,Streets Of Philadelphia (From Philadelphia)
1795,1796,Stressed Out
1796,1797,String Of Pars
1797,1798,Strong Persuader
1798,1799,Stronger
1799,1800,Stuck In A Moment You Can't Get Out Of
1800,1801,Stupid Boy
1801,1802,Sucker
1802,1803,Sueños Liquidos
1803,1804,Sugarfoot Rag
1804,1805,Suge
1805,1806,Sultan’s Curse
1806,1807,Summertime
1807,1808,Summertime Sadness (Cedric Gervais Remix)
1808,1809,Sun Of Latin Music
1809,1810,Sunflower
1810,1811,Sunny Came Home
1811,1812,Sunrise
1812,1813,Superfly (Louie Vega EOL Mix)
1813,1814,Superman Main Title Theme
1814,1815,Supersax Plays Bird
1815,1816,Superstition
1816,1817,Superwoman
1817,1818,Survivor
1818,1819,Suspirium
1819,1820,Swagga Like Us
1820,1821,Sweet Child O' Mine
1821,1822,Sweet Love
1822,1823,Sweet Thing
1823,1824,Swim (ford. Remix)
1824,1825,Swing Dat Hammer
1825,1826,Switched-On-Bach
1826,1827,Switched-on Bach
1827,1828,Symphony Of Psalms
1828,1829,Synchronicity
1829,1830,Take 6
1830,1831,Take A Look
1831,1832,Take Me Back
1832,1833,Tales From The Hudson
1833,1834,Talk
1834,1835,Talk (Thin White Duke Mix)
1835,1836,Talk About The Good Times
1836,1837,Talkin' 'Bout Jesus
1837,1838,Tapestry
1838,1839,Tavener: Lamentations & Praises
1839,1840,Tchaikovsky: Piano Concerto No. 1 In B Flat Minor
1840,1841,"Tchaikovsky: Piano Concerto No. 1 In B Flat Minor, Op. 23"
1841,1842,Tchaikovsky: Piano Trio In A Minor
1842,1843,Tearing Me Up (RAC Remix)
1843,1844,Tears In Heaven
1844,1845,Tell Me Something Good
1845,1846,Tennessee
1846,1847,Tequila
1847,1848,Tha Crossroads
1848,1849,Thank You (Deep Dish Vocal Remix)
1849,1850,That Lovin' You Feelin' Again
1850,1851,That Nigger's Crazy
1851,1852,That Old Black Magic
1852,1853,That's The Way Love Goes
1853,1854,That's What Friends Are For
1854,1855,That's What I Like
1855,1856,"The ""In"" Crowd"
1856,1857,The Adventures Of Mutt
1857,1858,The Afro Latin Jazz Suite
1858,1859,"The Age Of Bel Canto: Operatic Scenes (Boyngne, cond.)"
1859,1860,The Alphabet
1860,1861,"The American Album - Works Of Bernstein, Barber, Foss"
1861,1862,"The Art Of Arleen Auger (Works Of Larsen, Purcell, Schumann, Mozart)"
1862,1863,The Art Of Courtly Love
1863,1864,The Art Of The Prima Donna
1864,1865,"The Astonishing, Outrageous, Amazing, Incredible, Unbelievable, Different World of Gary S. Paxton"
1865,1866,The Atkins-Travis Traveling Show
1866,1867,The Ballad Of The Lonesome Cowboy
1867,1868,The Baptism Of Jesse Taylor
1868,1869,The Barbra Streisand Album
1869,1870,The Batman Theme
1870,1871,The Battle Of Kookamonga
1871,1872,The Battle Of New Orleans
1872,1873,"The Beautiful Voice - Works Of Charpentier, Gounod, Massenet & Flotow"
1873,1874,The Belle Of Amherst
1874,1875,The Best Is Yet To Come
1875,1876,The Best Of The Stan Freberg Shows
1876,1877,The Bill Evans Album
1877,1878,The Book Thief
1878,1879,The Boy Is Mine
1879,1880,The Boys Of Summer
1880,1881,The Broadway Album
1881,1882,The Button-Down Mind Strikes Back!
1882,1883,The Call Of Ktulu
1883,1884,The Calling
1884,1885,The Cat
1885,1886,The Chipmunk Song
1886,1887,The Chipmunks Sing The Beatles
1887,1888,The Chokin' Kind
1888,1889,"The Civil War, Vol. II"
1889,1890,The Closer I Get To You
1890,1891,The Closer You Get...
1891,1892,The Colorful Peter Nero
1892,1893,The Connection
1893,1894,The Cotton Club - Original Motion Picture Soundtrack
1894,1895,The Daughters
1895,1896,The Devil Made Me Buy This Dress
1896,1897,The Devil Went Down To Georgia
1897,1898,The Dude
1898,1899,The Echoing Air - The Music Of Henry Purcell
1899,1900,The Electric Company
1900,1901,The Elephant's Child
1901,1902,The Ellington Suites
1902,1903,The Empire Strikes Back
1903,1904,The End Is Not In Sight (The Cowboy Tune)
1904,1905,The End Is The Beginning Is The End
1905,1906,The End Of The Innocence
1906,1907,The English Patient
1907,1908,The Entertainer
1908,1909,The Father Hath Provided
1909,1910,The First Family
1910,1911,The First Time Ever I Saw Your Face
1911,1912,The Gambler
1912,1913,The Giants
1913,1914,The Girl From Ipanema
1914,1915,The Glorious Sound Of Brass
1915,1916,The Glory Of Gabrieli
1916,1917,The Happy Gospel Of The Happy Goodmans
1917,1918,"The Heifetz-Piatigorsky Concerts With Primrose, Pennario And Guests"
1918,1919,The Hope Of Loving
1919,1920,The Horowitz Concerts 1977/78
1920,1921,The Horowitz Concerts 1978/79
1921,1922,The Horowitz Concerts 1979/80
1922,1923,The House That Built Me
1923,1924,The Hustle
1924,1925,"The Impatient Lover - Italian Songs By Beethoven, Schubert, Mozart"
1925,1926,The Joke
1926,1927,The Joshua Tree
1927,1928,The Kingston Trio At Large
1928,1929,The Last In Line
1929,1930,The Last Recording
1930,1931,The Legendary Oscar Peterson Trio Live At The Blue Note
1931,1932,The Leprechaun
1932,1933,The Little Mermaid
1933,1934,The Little Prince
1934,1935,The London
1935,1936,The London Muddy Waters Session
1936,1937,The Lord Will Make A Way
1937,1938,The Lord's Prayer
1938,1939,The Lucky One
1939,1940,The Masters V
1940,1941,The Muddy Waters Woodstock Album
1941,1942,The Muppet Movie
1942,1943,The Muppet Show
1943,1944,The Nashville Brass Featuring Danny Davis Play More Nashville Sounds
1944,1945,The Natural
1945,1946,The New Nashville Cats
1946,1947,"The New York Album - Works Of Albert, Bartok & Bloch"
1947,1948,The Old Payola Roll Blues
1948,1949,The One (High Contrast Remix)
1949,1950,The Other Side Of Round Midnight
1950,1951,The Path Among The Trees
1951,1952,The Phil Woods Six - Live From The Showboat
1952,1953,The Pink Panther
1953,1954,The Pink Panther Theme
1954,1955,The Pretender
1955,1956,The Prince's Trust All-Star Rock Concert
1956,1957,The Real Slim Shady
1957,1958,The Reason Why
1958,1959,The Rising
1959,1960,The Road To You
1960,1961,"The Rock-A-Bye Collection, Vol. 1"
1961,1962,"The Romantic Master - Works Of Saint-Saens, Handel"
1962,1963,The Roots Of Coincidence
1963,1964,The Rose
1964,1965,The Sacred Spirit Of Russia
1965,1966,The Savior Is Waiting
1966,1967,"The Shadow Of Your Smile (Love Theme From ""The Sandpiper"")"
1967,1968,The Sinister Minister
1968,1969,The Soul Of Me
1969,1970,The Sound Of Horowitz
1970,1971,The Sound Of Philadelphia
1971,1972,The Spanish Album
1972,1973,The Spanish Guitars Of Laurindo Almeida
1973,1974,The Story-Teller: A Session With Charles Laughton
1974,1975,The Swingle Singers Going Baroque
1975,1976,The Theme From A Summer Place
1976,1977,The Theme From Hill Street Blues
1977,1978,The Theme From LA Law
1978,1979,The Thrill Is Gone
1979,1980,The Tonight Show Band With Doc Severinsen
1980,1981,The Trio
1981,1982,The Turning Point
1982,1983,The Valley Road
1983,1984,"The Vivaldi Album - Dell'aura al sussurrar, Alma oppressa"
1984,1985,The Wall
1985,1986,The Way We Were
1986,1987,The Weary Kind (From Crazy Heart)
1987,1988,The Whole World
1988,1989,The Winans Live At Carnegie Hall
1989,1990,The Wizard Turns On...
1990,1991,The Woman I Am
1991,1992,The Words Of Gandhi
1992,1993,"Theme From ""Z"" And Other Film Music"
1993,1994,Theme From Angela's Ashes
1994,1995,Theme From Close Encounters Of The Third Kind
1995,1996,Theme From Exodus
1996,1997,Theme From Good King Bad
1997,1998,Theme From Shaft
1998,1999,Theme From Summer Of '42
1999,2000,Then And Now
2000,2001,There Goes My Baby
2001,2002,There Goes The Neighborhood
2002,2003,There Must Be A Better World Somewhere
2003,2004,There's Your Trouble
2004,2005,They Call Me Muddy Waters
2005,2006,They Say
2006,2007,Think Of One
2007,2008,Thinking Out Loud
2008,2009,This Is A Move (Live)
2009,2010,This Is A Recording
2010,2011,This Is America
2011,2012,This Is It
2012,2013,This Land
2013,2014,This Love
2014,2015,This Masquerade
2015,2016,This Time By Basie! Hits Of The 50's And 60's
2016,2017,This Will Be
2017,2018,"Those Of You With Or Without Children, You'll Understand"
2018,2019,Three Revolutions
2019,2020,Thrift Shop
2020,2021,Thriller
2021,2022,Throttleneck
2022,2023,Throw Down Your Heart
2023,2024,Thundering Herd
2024,2025,Thy Will
2025,2026,Tiempos
2026,2027,Tighten Up
2027,2028,Time Today
2028,2029,Time Will Tell - A Tribute To Bob Marley
2029,2030,Time's Up
2030,2031,Timeless
2031,2032,Tina Live In Europe
2032,2033,Tire Me
2033,2034,"To Russell, My Brother, Whom I Slept With"
2034,2035,Toga Brava Suite
2035,2036,Tom Dooley
2036,2037,Tomorrow
2037,2038,Tonite
2038,2039,Tony Bennett On Holiday
2039,2040,Too Bad
2040,2041,Top Drawer
2041,2042,Top Gun Anthem
2042,2043,Top Of The World
2043,2044,Toto IV
2044,2045,Tower: Made In America
2045,2046,Toxic
2046,2047,Tracy Chapman
2047,2048,Tramaine Hawkins Live
2048,2049,Transatlantic
2049,2050,Traveling Wilburys Volume One
2050,2051,Traveller
2051,2052,Travels
2052,2053,Tribute To Steve Goodman
2053,2054,Trio
2054,2055,Triumph
2055,2056,Trouble
2056,2057,Truly
2057,2058,Truth Hurts
2058,2059,Tubular Bells - Theme From The Exorcist
2059,2060,Tunnel Of Love
2060,2061,Turn Your Love Around
2061,2062,Tutu
2062,2063,Twin Peaks Theme
2063,2064,Two Days In November
2064,2065,Two Hearts (From Buster)
2065,2066,U Can't Touch This
2066,2067,U Don't Have To Call
2067,2068,U Remind Me
2068,2069,U.N.I.T.Y.
2069,2070,Un Hombre Solo
2070,2071,Un Millon De Rosas
2071,2072,Un-Break My Heart
2072,2073,Under The Sea (From The Little Mermaid)
2073,2074,Underneath It All
2074,2075,Underwater
2075,2076,Unfinished Business
2076,2077,Unfinished Masterpiece
2077,2078,Unforgettable
2078,2079,Unguarded
2079,2080,Uninvited
2080,2081,Unionhouse Branch
2081,2082,Unleashed
2082,2083,Unmistakably Lou
2083,2084,Unplugged
2084,2085,Until I Met You (Corner Pocket)
2085,2086,Untitled (How Does It Feel)
2086,2087,Up A Lazy River
2087,2088,Up Where We Belong
2088,2089,"Up, Up And Away"
2089,2090,Uptown Funk
2090,2091,Uptown Funk (Dave Audé Remix)
2091,2092,Use Somebody
2092,2093,Varese: Ameriques/Arcana/Ionisation (Boulez Conducts Varese)
2093,2094,Variations On A Theme By Eric Satie
2094,2095,Vaughan Williams: A Sea Symphony (Sym. No. 1)
2095,2096,Velas
2096,2097,Verdi: Aida
2097,2098,Verdi: Arias (Leontyne Price Sings Verdi)
2098,2099,Verdi: Falstaff
2099,2100,Verdi: La Traviata
2100,2101,Verdi: Requiem
2101,2102,Verdi: Requiem & Operatic Choruses
2102,2103,Verismo Arias
2103,2104,Vertigo
2104,2105,Victory
2105,2106,"Victory At Sea, Vol. I"
2106,2107,Villa-Lobos: Concerto For Guitar
2107,2108,Viola Concerto
2108,2109,Virtual Insanity
2109,2110,Virtuoso
2110,2111,Vision Of Love
2111,2112,Viva La Vida
2112,2113,Vivaldi: The Four Seasons
2113,2114,"Vladimir Horowitz Plays Beethoven, Debussy, Chopin"
2114,2115,Vocalese
2115,2116,Vuelve
2116,2117,Wagner: Das Rheingold
2117,2118,Wagner: Der Ring Des Nibelungen
2118,2119,Wagner: Die Meistersinger Von Nurnberg
2119,2120,Wagner: Die Walkuere
2120,2121,Wagner: Die Walkure
2121,2122,Wagner: Gotterdamerung - Brunnhilde's Immolation Scene/Wesendonck Songs
2122,2123,Wagner: Gotterdammerung
2123,2124,Wagner: Lohengrin
2124,2125,Wagner: Siegfried
2125,2126,Wagner: Tannhäuser
2126,2127,Wagon Wheel
2127,2128,Wait On The Lord
2128,2129,Waiting On The World To Change
2129,2130,Walk
2130,2131,Walk On
2131,2132,Walk On The Water
2132,2133,Walkin' Funny
2133,2134,Walking Away (Mura Masa Remix)
2134,2135,Walking In Space
2135,2136,Walls Of Glass
2136,2137,Walton: Belshazzar's Feast
2137,2138,Walton: Belshazzar's Feast/Bernstein: Chichester Psalms; Missa Brevis
2138,2139,Walton: Belshazzer's Feast
2139,2140,Wanna Be Happy?
2140,2141,Wanna Be With You
2141,2142,War Machine
2142,2143,Warm Breeze
2143,2144,Wax Simulacra
2144,2145,We Are In Love
2145,2146,We Are The World
2146,2147,We Are Young
2147,2148,We Belong Together
2148,2149,We Come To Worship
2149,2150,We Dig Mancini
2150,2151,We Got Us
2151,2152,We Live Here
2152,2153,We Love You Call Collect
2153,2154,We Sing Praises
2154,2155,We Want Miles
2155,2156,We Will Meet Again
2156,2157,We'll Sing In The Sunshine
2157,2158,Weill: Rise And Fall Of The City Of Mahagonny
2158,2159,Weinberg: Symphonies Nos. 2 & 21
2159,2160,Welcome To Jamrock
2160,2161,West Meets East
2161,2162,West Side Story
2162,2163,What A Beautiful Name
2163,2164,What A Diff'rence A Day Makes
2164,2165,What A Fool Believes
2165,2166,What A Friend
2166,2167,What Goes Around...Comes Around
2167,2168,What Is This Thing Called Love
2168,2169,What Kind Of Fool Am I
2169,2170,What Now My Love
2170,2171,What You Know
2171,2172,What's Going On
2172,2173,What's Love Got To Do With It
2173,2174,Wheel Hoss
2174,2175,When A Man Loves A Woman
2175,2176,When Bad Does Good
2176,2177,When Can I See You
2177,2178,When Harry Met Sally
2178,2179,When I Call Your Name
2179,2180,When I Look In Your Eyes
2180,2181,When It's Polka Time At Your House
2181,2182,When Love Finds You
2182,2183,When Love Takes Over (Electro Extended Remix)
2183,2184,When She Loved Me (From Toy Story 2)
2184,2185,"When You're Hot, You're Hot"
2185,2186,Where Are Ü Now
2186,2187,Where Is The Love
2187,2188,Where It's At
2188,2189,Where The Sidewalk Ends
2189,2190,Where The Soul Never Dies
2190,2191,Where The Streets Have No Name
2191,2192,Where Were You (When The World Stopped Turning)
2192,2193,Where've You Been
2193,2194,Whiplash
2194,2195,Whiskey Before Breakfast
2195,2196,Whiskey In The Jar
2196,2197,White Horse
2197,2198,White Limo
2198,2199,Who Let The Dogs Out
2199,2200,Who's Afraid Of Virginia Woolf?
2200,2201,Whoever's In New England
2201,2202,Whoopi Goldberg - Original Broadway Show Recording
2202,2203,Why I Oppose The War In Vietnam
2203,2204,Why Is There Air?
2204,2205,Why Not Me
2205,2206,Why Not!
2206,2207,Wichita Lineman
2207,2208,Will The Circle Be Unbroken Vol. 2
2208,2209,Willow Weep For Me
2209,2210,Winchester Cathedral
2210,2211,Wind Beneath My Wings
2211,2212,Winelight
2212,2213,Winnie The Pooh And Tigger Too
2213,2214,Wish
2214,2215,With Arms Wide Open
2215,2216,With My Song I Will Praise Him
2216,2217,Without You
2217,2218,Wives And Lovers
2218,2219,Wolfe: Fire In My Mouth
2219,2220,Woman
2220,2221,Wonderful
2221,2222,Wonderful!
2222,2223,Wonderfulness
2223,2224,Work It
2224,2225,Work It (Soulwax Remix)
2225,2226,Working On A Dream
2226,2227,Worlds Apart
2227,2228,"Wynton Marsalis-Edita Gruberova-Handel, Purcell, Etc,"
2228,2229,Yah Mo B There
2229,2230,You Are The Sunshine Of My Life
2230,2231,You Decorated My Life
2231,2232,You Don't Have To Be A Star (To Be In My Show)
2232,2233,You Don't Know How It Feels
2233,2234,You Don't Know My Name
2234,2235,You Gave Me Love (When Nobody Gave Me A Prayer)
2235,2236,You Got Me
2236,2237,You Light Up My Life
2237,2238,You Make Me Feel Like Dancing
2238,2239,You Move (Latroit Remix)
2239,2240,You Need To Calm Down
2240,2241,You Needed Me
2241,2242,You Oughta Know
2242,2243,You Say
2243,2244,You Should Hear How She Talks About You
2244,2245,You Want It Darker
2245,2246,You'll Think Of Me
2246,2247,You're Makin' Me High
2247,2248,You're Still The One
2248,2249,You've Got A Friend
2249,2250,You've Got The Love I Need
2250,2251,Young Thing
2251,2252,"Young, Gifted And Black"
2252,2253,Your Body Is A Wonderland
2253,2254,Your Presence Is Heaven
2254,2255,Your Secret Love
2255,2256,Yusef Lateef's Little Symphony
