,cod_album,album
0,1,#Eldisco
1,2,...Again
2,3,"10,000 Days"
3,4,100% Mexicano
4,5,1123
5,6,11:11
6,7,12 Little Spells
7,8,16 de Septiembre
8,9,1963: New Directions
9,10,1989
10,11,20 Aniversario
11,12,2010 Gathering Of Nations Pow Wow: A Spirit's Dance
12,13,21
13,14,21st Century Breakdown
14,15,24K Magic
15,16,25
16,17,3-D The Catalogue
17,18,34th N Lex
18,19,35th Anniversary
19,20,4 + Four
20,21,44/876
21,22,45
22,23,52nd Street
23,24,52nd Street Themes
24,25,7
25,26,75
26,27,80
27,28,"A Bing Crosby Collection, Vols. I & II"
28,29,A Capella Kids
29,30,A Christmas Celebration Of Hope
30,31,A Colbert Christmas: The Greatest Gift Of All!
31,32,A Day Without Rain
32,33,A Deeper Level
33,34,A Deeper Understanding
34,35,A Full Life: Reflections at Ninety
35,36,A Ghost Is Born
36,37,A Green And Red Christmas
37,38,A Journey Through Cuban Music
38,39,A Legendary Christmas
39,40,A Little Moonlight
40,41,A Little Night Music
41,42,A Love Supreme: The Legacy Of John Coltrane
42,43,A Man And His Music
43,44,A Meeting By The River
44,45,A Mi Manera
45,46,A Quien Quiera Escuchar  (Deluxe Edition)
46,47,A Rush Of Blood To The Head
47,48,A Sailor's Guide To Earth
48,49,A Song Flung Up To Heaven
49,50,A Star Is Born
50,51,A Stranger Here
51,52,A Tale Of God's Will (A Requiem For Katrina)
52,53,"A Te, O Cara"
53,54,A Wing And A Prayer
54,55,A Wonderful World
55,56,"Aaaaah! Spooky, Scary Stories & Songs"
56,57,Accordionally Yours
57,58,Acoustic Garden
58,59,Across 110th Street
59,60,Acuérdate
60,61,Adams: On The Transmigration Of Souls
61,62,Adentro
62,63,Aequa - Anna Thorvaldsdóttir
63,64,Afortunado
64,65,African Giant
65,66,African Spirit
66,67,Afro Blue Impressions (Remastered & Expanded)
67,68,After The Rain
68,69,Against The Wind
69,70,Ageless: Songs for the Child Archetype
70,71,Ain't Misbehavin'
71,72,Ain't Too Proud: The Life And Times Of The Temptations
72,73,Aladdin - Original Motion Picture Soundtrack
73,74,Aldridge: Elmer Gantry
74,75,Alegría
75,76,Ali And Toumani
76,77,Alive 2007
77,78,Alive And Transported
78,79,Alive In South Africa
79,80,All Aboard!
80,81,All About Bullies... Big And Small
81,82,All Ashore
82,83,All Out
83,84,All That You Can't Leave Behind
84,85,All The Rage - In Concert Volume One [Live]
85,86,All The Sounds
86,87,All These Things
87,88,All Things New
88,89,Alma Caribeña
89,90,Almadura
90,91,Almost Famous
91,92,Alone In His Presence
92,93,Alone Together
93,94,Already Free
94,95,Always Looking Up
95,96,Amadeus
96,97,Amar Es Combatir
97,98,Amar Sin Mentiras
98,99,Amarantine
99,100,Amazing Grace - A Country Salute To Gospel
100,101,Amazing Grace 2 - A Country Salute To Gospel
101,102,America Again: Re-becoming The Greatness We Never Weren't
102,103,America The Beautiful
103,104,American Beauty
104,105,"American Dreamers: Voices Of Hope, Music Of Freedom"
105,106,American Idiot
106,107,American Idiot - Featuring Green Day
107,108,American Recordings
108,109,Amnesiac - Special Limited Edition
109,110,"Amor, Dolor Y Lágrimas: Música Ranchera"
110,111,Amused To Death
111,112,An Inconvenient Truth (Al Gore)
112,113,"An Irish Evening - Live At The Grand Opera House, Belfast"
113,114,Anatomy Of A Murder
114,115,Ancestral Recall
115,116,Ancient Tones
116,117,And If Our God Is For Us...
117,118,Anima
118,119,Annie
119,120,Annie Get Your Gun
120,121,Anniversary
121,122,Another Country
122,123,Another Time... Another Place
123,124,Anthology Of American Folk Music -  1997 Expanded Edition
124,125,Anthology Of American Folk Music - 1997 Expanded Edition
125,126,Antidote
126,127,Any Place I'm Going
127,128,Anónimas & Resilientes
128,129,Apollo XXI
129,130,Appalachian Journey
130,131,Arhoolie Records 40th Anniversary Collection - 1960-2000 The Journey Of Chris Strachwitz
131,132,Aries
132,133,Arrieros Somos Sesiones Acústicas
133,134,Art And Life
134,135,Art Of Field Recording Volume I: Fifty Years Of Traditional American Music Documented By Art Rosenbaum
135,136,As I Am
136,137,As Raw As Ever
137,138,Ashanti
138,139,Ask Your Mama
139,140,Assume Form
140,141,At 89
141,142,At Last
142,143,At This Time
143,144,At War With The Mystics
144,145,"Atlantic Rhythm And Blues 1947-1974, Vols. 1-7"
145,146,Audience Of One
146,147,Audrey Hepburn's Enchanted Tales
147,148,Avant Gershwin
148,149,Avengers: Endgame
149,150,Aztlán
150,151,B'Day
151,152,Babel
152,153,"Baby, Please Come Home"
153,154,Bach: The Goldberg Variations
154,155,Bachata Rosa
155,156,Back Home
156,157,Back On The Block
157,158,Back To Black
158,159,Back To The Sunset
159,160,Bad Boys
160,161,Baduizm
161,162,Band On The Run (Paul McCartney Archive Collection - Deluxe Edition)
162,163,Bangarang
163,164,Barber: Prayers Of Kierkegaard/Vaughan Williams: Dona Nobis Pacem/Bartok: Cantata Profana
164,165,Barton Hollow
165,166,Bartók: 6 String Quartets
166,167,Bartók: Concerto For Orchestra
167,168,"Bartók: Concerto For Orchestra; Four Orchestral Pieces, Op. 12"
168,169,Bartók: Concerto No. 2 For Violin/Stravinsky: Concerto For Violin
169,170,Bartók: The Wooden Prince & Cantata Profana
170,171,Bass & Mandolin
171,172,Battle Studies
172,173,Be Glad
173,174,Beastie Boys Book
174,175,Beat Music! Beat Music! Beat Music!
175,176,Beautiful Dreamer - The Songs Of Stephen Foster
176,177,Beautiful Life
177,178,Beautiful: The Carole King Musical
178,179,Beauty & Crime
179,180,Beauty And The Beast - Original Motion Picture Soundtrack
180,181,Beauty Behind The Madness
181,182,Bebo De Cuba
182,183,Because Of You
183,184,Becoming
184,185,Beethoven: Symphonies (9) Complete
185,186,Beethoven: The Five Piano Concertos
186,187,Before The Dawn
187,188,Before The Daylight's Shot
188,189,Before The Next Teardrop Falls
189,190,Beg Scream And Shout! - The Big Ol' Box Of '60s Soul
190,191,Being Human In Public
191,192,Beneath The Raven Moon
192,193,Berg: Lulu (Complete Version)
193,194,Berg: Wozzeck
194,195,Berlioz: Les Troyens
195,196,Berlioz: Requiem
196,197,Berlioz: Symphonie Fantastique
197,198,"Bernstein (Arr. Brohn & Corigliano): West Side Story Suite (Lonely Town; Make Our Garden Grow, Etc.)"
198,199,Bernstein: Candide
199,200,"Bernstein: Symphony No. 3 ""Kaddish"""
200,201,Beverly Hills Cop
201,202,Beyoncé
202,203,Beyond Belief
203,204,Beyond The Sound Barrier
204,205,Bicentenario
205,206,Big Band Jazz
206,207,Bigger And Blacker
207,208,Bill & Gloria Gaither Present A Billy Graham Music Homecoming
208,209,Billie Holiday - The Complete Decca Recordings
209,210,Bing Crosby - A Legendary Performer
210,211,Biophilia
211,212,Bird - The Complete Charlie Parker On Verve
212,213,Birdman
213,214,Black Messiah
214,215,Black Panther
215,216,Black Radio
216,217,Blackstar
217,218,Blacksummers' Night
218,219,"Blah Blah Blah: Stories About Clams, Swamp Monsters, Pirates & Dogs"
219,220,Bless The People - Harmonized Peyote Songs
220,221,Blessed
221,222,Blood On The Tracks
222,223,"Blood, Sweat And Tears"
223,224,Blow Your Pants Off
224,225,Blue & Lonesome
225,226,Blue Moon Swamp
226,227,Bluegrass Rules!
227,228,Blues On The Bayou
228,229,Blues Singer
229,230,Blues Summit
230,231,Blues To The Bone
231,232,Boardwalk Empire: Volume 1
232,233,Bob Dylan's Greatest Hits
233,234,Boheme
234,235,Bolcom: Songs Of Innocence And Of Experience
235,236,Bon Appétit!
236,237,Bon Iver
237,238,Bone Machine
238,239,Book One
239,240,Boombastic
240,241,Borders Y Bailes
241,242,Born To Play Guitar
242,243,Both Sides Now
243,244,Boys In The Trees
244,245,Brahms: Concerto For Violin In D
245,246,Brahms: Symphonies (1-4)
246,247,Brain In A Box - The Science Fiction Collection
247,248,Braindroppings
248,249,Brand New Day
249,250,Brand New Strings
250,251,Brasileiro
251,252,Breakaway
252,253,Breakfast At Tiffany's
253,254,Breakfast In America
254,255,Breathe
255,256,Bridge Over Troubled Water
256,257,Brighter Days
257,258,Bringin' It
258,259,Britten's Orchestra
259,260,Britten: War Requiem
260,261,Brothers
261,262,Brothers In Arms - 20th Anniversary Edition
262,263,Brownie - The Complete Emarcy Recordings Of Clifford Brown
263,264,Bruckner: Symphony No. 9
264,265,Bubbling Brown Sugar
265,266,Buenos Hermanos
266,267,Bunny Berigan - Giants Of Jazz
267,268,Burn The Ships
268,269,By The Time I Get To Phoenix
269,270,"By The Way, I Forgive You"
270,271,Béla Fleck And Abigail Washburn
271,272,Cabaret
272,273,Call Me Irresponsible
273,274,Calling Rastafari
274,275,Calm Down Gurrl
275,276,Caminando
276,277,Can Can
277,278,Can You Canoe?
278,279,Can't Slow Down
279,280,Canciones De Amor
280,281,Candela
281,282,Car Wash
282,283,Car Wheels On A Gravel Road
283,284,Caraluna
284,285,Carib
285,286,Cassadaga
286,287,Catch That Train!
287,288,Cats (Complete Original Broadway Cast Recording)
288,289,CeCe Winans
289,290,Cedar Dream Songs
290,291,Celebration Day
291,292,Celia
292,293,Celtic Solstice
293,294,Center Point Road
294,295,Chain Breaker
295,296,Chain Tripping
296,297,Championships
297,298,Channel Orange
298,299,Charles Kuralt's Spring
299,300,Charlie Is My Darling - Ireland 1965
300,301,Charlie Parker - The Complete Savoy Sessions
301,302,Cheek To Cheek
302,303,Chernobyl
303,304,Chicago
304,305,Chicago - The Musical
305,306,Chicago X
306,307,Chicanisimo
307,308,Chill Out
308,309,Chris Cornell
309,310,Christian McBride's New Jawn
310,311,Christmas With Shirley Caesar
311,312,Christopher Cross
312,313,Chucho's Steps
313,314,Chuck Berry - The Chess Box
314,315,Ciclos
315,316,City That Care Forgot
316,317,Civilization Phaze III
317,318,Classic
318,319,Close Encounters Of The Third Kind
319,320,Coloring Book
320,321,Colors
321,322,Columbia Records Presents Vladimir Horowitz
322,323,Come And Gone
323,324,Come Away With Me
324,325,Come Dance With Me
325,326,Come Share The Wine
326,327,Come To Me Great Mystery - Native American Healing Songs
327,328,Come Together
328,329,Come What May
329,330,Coming Home
330,331,Company
331,332,Concert In The Garden
332,333,Concert Of The Century
333,334,Confessions
334,335,Confessions Of A Broken Man
335,336,Confessions On A Dance Floor
336,337,Consolers Of The Lonely
337,338,Contemporary Jazz
338,339,Continuum
339,340,Copland: The Music Of America (Fanfare For The Common Man; Rodeo)
340,341,Corigliano: Of Rage And Remembrance
341,342,Corigliano: The Ghosts Of Versailles
342,343,Cosas Del Amor
343,344,Cost Of Living
344,345,Country For Old Men
345,346,Covered: Alive In Asia [Live]
346,347,Crank Calls
347,348,Crazy Girl Crazy
348,349,Crazy Heart
349,350,Crazy Love
350,351,Crazysexycool
351,352,Crestone
352,353,Crossroads
353,354,"Crouching Tiger, Hidden Dragon"
354,355,Crucial! Roots Classics
355,356,Cuatro Caminos
356,357,Culcha Vulcha
357,358,Cuz I Love You (Deluxe)
358,359,DAMN.
359,360,Dale
360,361,"Damn Right, I've Got The Blues"
361,362,Dance With Me
362,363,Dance With My Father
363,364,Dance With The Wind
364,365,Dancer In Nowhere
365,366,Dancing On Water
366,367,Dang Me/Chug-A-Lug
367,368,Dangerous
368,369,Dangerously In Love
369,370,Daugherty: Metropolis Symphony; Deus Ex Machina
370,371,Days Of Open Hand
371,372,De Ayer Para Siempre
372,373,Dear Diz (Every Day I Think Of You)
373,374,Dear Evan Hansen
374,375,Death Magnetic
375,376,Debussy: La Mer; Nocturnes; Jeux
376,377,Dedicated To The One I Love
377,378,Dedicated To You: Kurt Elling Sings The Music Of Coltrane And Hartman
378,379,Deep In The Blues
379,380,Deeper Oceans
380,381,Deeper Roots: Where The Bluegrass Grows
381,382,Dejame Entrar
382,383,Desperate Man
383,384,Detalles Y Emociones
384,385,Deva
385,386,Diary Of A Mad Diva
386,387,Different Lifestyles
387,388,Directions In Music
388,389,Directo Al Corazón
389,390,Dirt Farmer
390,391,Djin Djin
391,392,Do You Get The Blues?
392,393,Dockside Sessions
393,394,"Don't Bother Me, I Can't Cope"
394,395,Don't Give Up On Me
395,396,Don't Look Back
396,397,Donde Están?
397,398,Double Fantasy
398,399,Double Take
399,400,Douce France
400,401,Douga Mansa
401,402,Down From The Mountain
402,403,Down In New Orleans
403,404,Downtown Church
404,405,Drama Y Luz
405,406,Dreamgirls
406,407,Dreams And Daggers
407,408,Dreams From My Father (Senator Barack Obama)
408,409,Drones
409,410,Duets II
410,411,Duets:  An American Classic
411,412,Duran Duran
412,413,"Dutilleux: Sur Le Même Accord; Les Citations; Mystère De L'instant & Timbres, Espace, Mouvement"
413,414,Dutty Rock
414,415,"Dvorák: Requiem, Op. 89; Sym. No. 9, Op. 95 ""From the New World"""
415,416,E Walea
416,417,E.T. The Extra-Terrestrial
417,418,Ear-Resistible
418,419,Early Americans
419,420,Echoes Of Love
420,421,"Echoes, Silence, Patience & Grace"
421,422,Edith Piaf 1915-2015
422,423,Edwin Hawkins Music & Arts Seminar Mass Choir - Recorded Live In Los Angeles
423,424,Egypt
424,425,El Arte Del Sabor
425,426,El Camino
426,427,El Dorado
427,428,El Existential
428,429,El Mal Querer
429,430,El Orisha De La Rosa
430,431,El Tren De Los Momentos
431,432,Eleanora Fagan (1915-1959): To Billie With Love From Dee Dee
432,433,Electric Dirt
433,434,Elephant
434,435,Eletracústico
435,436,Elevate
436,437,"Elgar: Enigma Variations; Britten: The Young Person's Guide To The Orchestra, Four Sea Interludes"
437,438,Ella Mai
438,439,Ellipse
439,440,Elmo And The Orchestra
440,441,Elmopalooza!
441,442,Elton John & Tim Rice's Aida
442,443,Emanon
443,444,Embrace The Chaos
444,445,En Vivo...El Hombre Y Su Musica
445,446,Enamórate De Mí
446,447,Encore
447,448,Equanimity & The Bird Revelation
448,449,Erroll Garner - Master Of The Keyboard
449,450,Escucha
450,451,Eve
451,452,Evening Machines
452,453,Every Time You Say Goodbye
453,454,Everything Is Love
454,455,Everything That Happens Will Happen Today
455,456,Evita - Premier American Recording
456,457,Evolve
457,458,Exodus
458,459,Eye In The Sky - 35th Anniversary Edition
459,460,Eye On It
460,461,F.A.M.E.
461,462,Face To Face
462,463,Fair & Square
463,464,Fairy Dreams
464,465,Faith
465,466,Faith  - A Journey For All
466,467,Fallen Is Babylon
467,468,Falling Into You
468,469,Family Time
469,470,Fanm D'ayiti
470,471,Fanmail
471,472,Fantasia
472,473,Father Father
473,474,Father Of The Bride
474,475,Fearless
475,476,Feel What U Feel
476,477,Feels Like Rain
477,478,Feral Roots
478,479,Fiddler's Green
479,480,Fijación Oral Vol. 1
480,481,Finding Gabriel
481,482,Fingerprints
482,483,Five Peace Band - Live
483,484,Flashdance
484,485,Fly
485,486,Fly Rasta
486,487,Flying Free
487,488,Flying High!
488,489,Follies In Concert
489,490,Footlifters
490,491,For One To Love
491,492,For The Last Time
492,493,For The Sake Of The Call
493,494,Forest
494,495,Forever
495,496,Free At Last
496,497,Free To Worship
497,498,Freedom
498,499,Frenesi
499,500,Fresh Aire 7
500,501,Friends
501,502,From A Room: Volume 1
502,503,From The Cradle
503,504,From The Fires
504,505,Front Porch
505,506,Frozen
506,507,Fulfillingness' First Finale
507,508,Full Circle - Carnegie Hall 2000
508,509,Funk Tango
509,510,Funk This
510,511,Funny Girl
511,512,Game Of Thrones: Season 8
512,513,Garden State
513,514,Gathering Of Nations Pow Wow
514,515,Gece
515,516,Genius Loves Company
516,517,Genuine Negro Jig
517,518,Get Behind Me Satan
518,519,Get Closer
519,520,Get In The Van - On The Road With Black Flag
520,521,Get Lifted
521,522,Get Up!
522,523,Getz/Gilberto
523,524,Gigi
524,525,Girl
525,526,Girl On Fire
526,527,Glen Campbell: I'll Be Me
527,528,Global Drum Project
528,529,Glory Train
529,530,Go Go Juice
530,531,Go Tell It On The Mountain
531,532,God Is In The House
532,533,God Willin' & The Creek Don't Rise
533,534,God's Property From Kirk Franklin's Nu Nation
534,535,Godspell
535,536,Goin' Back To New Orleans
536,537,Gold In A Brass Age
537,538,Golden Hour
538,539,Gone Polka
539,540,"Gonna Sing, Gonna Shout"
540,541,Good News
541,542,"Good Night, And Good Luck."
542,543,Good Time
543,544,Goshen
544,545,Grace
545,546,Graceland
546,547,Graduation
547,548,Gravity
548,549,Greater Than [Live]
549,550,Grechaninov: Passion Week
550,551,Growing Pains
551,552,Guys And Dolls - The New Broadway Cast Recording
552,553,Gypsy
553,554,H.E.R.
554,555,Hadestown
555,556,Hail To The Thief
556,557,Hair
557,558,Hairspray
558,559,Halfway Tree
559,560,Hall Of Fame - A Tribute To Bob Marley's 50th Anniversary
560,561,Hamilton
561,562,Handel's Messiah - A Soulful Celebration
562,563,Harry Potter And The Deathly Hallows
563,564,Harry Potter And The Goblet Of Fire
564,565,Hasta La Raíz
565,566,Haven't Seen It Yet
566,567,Having Church
567,568,Hawaiian Lullaby
568,569,He Leadeth Me
569,570,He's Working It Out For You
570,571,"Hear Me Howling!: Blues, Ballads & Beyond As Recorded By The San Francisco Bay By Chris Strachwitz In The 1960s"
571,572,Hello Fear
572,573,Hello Hurricane
573,574,Help
574,575,Henry Mancini: Pink Guitar
575,576,Here Come The 123s
576,577,Hero
577,578,Hi This Is Flume (Mixtape)
578,579,Hiding Out
579,580,Hiding Place
580,581,Higdon: City Scape; Concerto For Orchestra
581,582,High And Lifted Up
582,583,High Wide & Handsome: The Charlie Poole Project
583,584,Higher Ground
584,585,Hilarious
585,586,Himmelsmusik
586,587,Hindemith: Sonatas For Piano
587,588,His Name Is Jesus
588,589,Historias De Mi Tierra
589,590,Historias Que Contar
590,591,Hoagy Carmichael - From Stardust To Ole Buttermilk Sky
591,592,Hold That Tiger
592,593,Holy Roar
593,594,Homage To Count Basie
594,595,Homage To Kindness
595,596,Home
596,597,Homecoming
597,598,Honey
598,599,Honoring The Fathers Of Bluegrass: Tribute To 1946 And 1947
599,600,"Horowitz - The Studio Recordings, New York 1985"
600,601,Horowitz At Carnegie Hall - An Historic Return
601,602,Horowitz In Moscow
602,603,Horowitz Plays Rachmaninoff (Etudes-Tableaux Piano Music; Sonatas)
603,604,Hourglass
604,605,How To Dismantle An Atomic Bomb
605,606,How To Succeed In Business Without Really Trying
606,607,Huana Ke Aloha
607,608,Hymns
608,609,I Am > I Was
609,610,I Am Malala: How One Girl Stood Up For Education And Changed The World (Malala Yousafzai)
610,611,I Am... Sasha Fierce
611,612,I Couldn't Hear Nobody Pray
612,613,I Know A Ghost
613,614,I Know Who Holds Tomorrow
614,615,I Love Rainy Days
615,616,I Love To Polka
616,617,I Love To Tell The Story - 25 Timeless Hymns
617,618,I Used To Know Her
618,619,I'll Lead You Home
619,620,"I,I"
620,621,I.V. Catatonia: 20 Years As A Two-Time Cancer Survivor
621,622,II
622,623,Icky Thump
623,624,If I Left The Zoo
624,625,If You Ask Me (And Of Course You Won't)
625,626,If You Can't Stand The Heat
626,627,"If You Got To Ask, You Ain't Got It!"
627,628,Igor
628,629,Ikena
629,630,Ilembe: Honoring Shaka Zulu
630,631,Illuminations
631,632,Imaginaries
632,633,Impressions
633,634,In Rainbows
634,635,"In Such Good Company: Eleven Years Of Laughter, Mayhem, And Fun In The Sandbox"
635,636,In The End
636,637,In The Heart Of The Moon
637,638,In The Heights
638,639,In The Key Of The Universe
639,640,In The Lonely Hour
640,641,In The Moment - Live In Concert
641,642,Indestructible
642,643,Indianola Mississippi Seeds
643,644,Infinity Plus One
644,645,Innervisions
645,646,Instrumentals
646,647,Intellexual
647,648,Interstate Gospel
648,649,Intimamente
649,650,Into The Woods
650,651,Invasion Of Privacy
651,652,It Takes A Village
652,653,It's Bad For Ya
653,654,Ives: Sym. No. 2; Gong On The Hook And Ladder; Central Park In The Dark; The Unanswered Question
654,655,Ives: Symphony No. 1 In D Minor
655,656,Jagged Little Pill
656,657,Jah Is Real
657,658,Jamaican E.T.
658,659,Jammin' In New York
659,660,Jason Crabb
660,661,Jaws
661,662,Jazz Suite On The Mass Texts
662,663,Jazz Tango
663,664,Jennifer Hudson
664,665,Jerome Robbins' Broadway
665,666,Jersey Boys
666,667,Jesus Freak
667,668,Jingle All The Way
668,669,John Coltrane - The Classic Quartet: Complete Impulse! Studio Recordings
669,670,"John Work, III: Recording Black Culture"
670,671,Johnny Cash At Folsom Prison
671,672,Join The Band
672,673,Joined At The Hip
673,674,Jonathan Livingston Seagull
674,675,Joyce & Tony - Live From Wigmore Hall
675,676,João Voz E Violão
676,677,Judy At Carnegie Hall
677,678,"Julie Andrews' Collection Of Poems, Songs, And Lullabies"
678,679,Juno
679,680,Juntos Para Siempre
680,681,Just A Word
681,682,Just Chillin'
682,683,Just Like You
683,684,Justified
684,685,Kalawai’anui
685,686,Kalenda
686,687,"Kankyo Ongaku: Japanese Ambient, Environmental & New Age Music 1980-1990"
687,688,Keep An Eye On The Sky
688,689,Keep It Simple
689,690,Keep On
690,691,Kennedy Center Homecoming
691,692,Kid A
692,693,Kind Of Blue: 50th Anniversary Collector's Edition
693,694,King's Record Shop
694,695,Kingfish
695,696,Kinky Boots
696,697,Kish Kash
697,698,Kisses On The Bottom
698,699,Korngold: The Classic Erich Wolfgang Korngold
699,700,Kverndokk: Symphonic Dances
700,701,L'amour Ou La Folie
701,702,LAGQ's Guitar Heroes
702,703,LP5
703,704,LUX
704,705,La La Land
705,706,La Llave De Mi Corazón
706,707,La Musica De Baldemar Huerta
707,708,La Negra Tiene Tumbao
708,709,La Roux
709,710,La Vida...Es Un Ratico
710,711,Lady Day - The Complete Billie Holiday On Columbia 1933-1944
711,712,Lalah Hathaway Live
712,713,Land Of The Sun
713,714,Landmarks
714,715,Last Of The Great Mississippi Delta Bluesmen: Live In Dallas
715,716,Late Registration
716,717,Latin A La Lee
717,718,Latino
718,719,Laws Of Gravity
719,720,Lay Your Burden Down
720,721,Layla And Other Assorted Love Songs (Super Deluxe Edition)
721,722,Legacy
722,723,Legends Of Hawaiian Slack Key Guitar - Live From Maui
723,724,Lemonade
724,725,"Lena Horne - The Lady And Her Music, Live On Broadway"
725,726,Lena...Lovely And Alive
726,727,Leonard Bernstein - The Composer
727,728,Les Miserables
728,729,Les Miserables - The Complete Symphonic Recording
729,730,Lesson Of Love
730,731,Let The Whole World Sing
731,732,Let Them Fall In Love
732,733,Let's All Sing With The Chipmunks
733,734,Let's Kiss: 25th Anniversary Album
734,735,Let's Polka 'Round
735,736,Let's Roll
736,737,Lies And The Lying Liars Who Tell Them: A Fair And Balanced Look At The Right (Al Franken)
737,738,Life & Breath - Choral Works By René Clausen
738,739,Life In The Bubble
739,740,Lifesong
740,741,Lightning Bolt
741,742,Limón Y Sal
742,743,Liquid Spirit
743,744,Listen Here!
744,745,Listen To The Storyteller
745,746,Literal
746,747,Live
747,748,Live - God Is Working
748,749,Live - One Last Time
749,750,Live At Gilley's!
750,751,Live At Madison Square Garden
751,752,Live At The 2008 New Orleans Jazz & Heritage Festival
752,753,Live At The Apollo
753,754,Live At The Blue Note
754,755,Live At The Village Vanguard
755,756,Live At The Whisky A Go Go: The Complete Recordings
756,757,Live From Hell
757,758,Live In Atlanta At Morehouse College
758,759,Live In Paris
759,760,"Live In Prague, Czech Republic"
760,761,Live Kisses
761,762,Live Revelations
762,763,Live! Worldwide
763,764,Live...This is Your House
764,765,Live...We Come Rejoicing
765,766,Live: Singing For Peace Around The World
766,767,"Livin', Lovin',  Losin' - Songs Of The Louvin Brothers"
767,768,Living On Polka Time
768,769,Living Proof
769,770,Livro
770,771,Lo Dijo El Corazón
771,772,Locked Down
772,773,Lonely Runs Both Ways
773,774,Long Journey Home
774,775,Long Live Love
775,776,Long Night Moon
776,777,Longing In Their Hearts
777,778,Look Now
778,779,Look Up Child
779,780,Los De Atras Vienen Conmigo
780,781,Los Extraterrestres
781,782,Los Tigres Del Norte And Friends
782,783,Losing My Religion
783,784,Lost In The Lonesome Pines
784,785,Lost Sounds: Blacks And The Birth Of The Recording Industry 1891-1922
785,786,Louis Armstrong - Portrait Of The Artist As A Young Man 1923-1934
786,787,Louis Armstrong - The Complete Hot Five & Hot Seven Recordings
787,788,Love
788,789,Love & Liberation
789,790,Love (Deluxe Edition)
790,791,Love And Theft
791,792,Love God. Love People.
792,793,"Love Has Many Faces: A Quartet, A Ballet, Waiting To Be Danced"
793,794,Love Is Live!
794,795,Love Is My Religion
795,796,Love Remains
796,797,Love's River
797,798,"Love, Marriage & Divorce"
798,799,Lover
799,800,Loverly
800,801,Lovers Rock
801,802,Lovin' Life
802,803,Lush Life
803,804,MTV Unplugged
804,805,MTV Unplugged Deluxe Edition
805,806,Mack The Knife - Ella In Berlin
806,807,Made In Brazil
807,808,Mahler: Symphony No. 2 In C Minor
808,809,Mahler: Symphony No. 3; Kindertotenlieder
809,810,Mahler: Symphony No. 7
810,811,Mahler: Symphony No. 8 (Symphony Of A Thousand)
811,812,Mahler: Symphony No. 8 In E Flat (Symphony Of A Thousand)
812,813,Mahler: Symphony No. 8; Adagio From Symphony No. 10
813,814,Mahler: Symphony No. 9
814,815,Mahler: Symphony No. 9 In D
815,816,Making Michael Jackson's Thriller
816,817,Making Mirrors
817,818,Mama Don't Allow
818,819,Mambo Sinuendo
819,820,Mame
820,821,Mandatory Fun
821,822,Mano A Mano - Tangos A La Manera De Vicente Fernández
822,823,Marlo Thomas & Friends: Thanks & Giving All Year Long
823,824,Martin Scorsese Presents The Blues: A Musical Journey
824,825,Mary Poppins Returns
825,826,Mas Canciones
826,827,Mass Manipulation
827,828,Masseduction
828,829,Masterpiece/Obra Maestra
829,830,Masters Of Hawaiian Slack Key Guitar - Vol. 1
830,831,"Masters Of Hawaiian Slack Key Guitar, Volume 2"
831,832,Memoirs Of A Geisha
832,833,Mendelssohn: The Complete String Quartets
833,834,Mental Illness
834,835,Mercy
835,836,Mettavolution
836,837,Mexico (Legacy Collection)
837,838,Mi Tierra
838,839,Michael Bublé Meets Madison Square Garden
839,840,Midnight In Paris
840,841,Miho: Journey To The Mountain
841,842,Miles Ahead
842,843,Miles Davis & John Coltrane - The Complete Columbia Recordings 1955-1961
843,844,Miles Davis - The Complete Bitches Brew Sessions
844,845,Miles Davis Quintet 1965-1968
845,846,Mind Control
846,847,Mind Control - Acoustic
847,848,Mingus Big Band Live At Jazz Standard
848,849,Modern Cool
849,850,Modern Times
850,851,Modern Vampires Of The City
851,852,Monday Night Live At The Village Vanguard
852,853,Money Jungle: Provocative In Blue
853,854,"Monsters, Inc. - Scream Factory Favorites"
854,855,Montaner
855,856,Monty Python's Spamalot
856,857,Moody 4B
857,858,More Work To Be Done
858,859,Morning Phase
859,860,Morph The Cat
860,861,Moulin Rouge! The Musical
861,862,Mountain High...Valley Low
862,863,Mountain Soul II
863,864,Mr. Know-It-All
864,865,Much Afraid
865,866,Mule Variations
866,867,Multiviral
867,868,Mundo
868,869,Music
869,870,Music And Friends
870,871,Mussorgsky: Pictures At An Exhibition; Night On Bald Mountain; Prelude To Khovanshchina
871,872,My Beautiful Dark Twisted Fantasy
872,873,My Favorite Picture Of You
873,874,My Finest Work Yet
874,875,My Life
875,876,My Way
876,877,M²
877,878,Más + Corazón Profundo
878,879,Más Allá Del Sol
879,880,México En La Piel
880,881,Nadie Como Tu
881,882,Napalm & Sillyputty
882,883,Nascimento
883,884,Nashville Skyline
884,885,Necesito De Ti
885,886,Need You Now
886,887,Neil Young Archives Vol. I (1963-1972)
887,888,Never Scared
888,889,New Favorite
889,890,Nick Of Time
890,891,Night In Calisia
891,892,"Night Train To Nashville: Music City Rhythm & Blues, 1945-1970"
892,893,No 'Ane'i
893,894,No Es De Madera
894,895,No Es Lo Mismo
895,896,No Geography
896,897,No Hay Espacio
897,898,No Jacket Required
898,899,No Strings
899,900,No Substitutions - Live In Osaka
900,901,No Way Out
901,902,No.6 Collaborations Project
902,903,Nobody Knows You
903,904,Nocturne
904,905,Norman F***ing Rockwell!
905,906,Nothing Personal
906,907,Nothing Without You
907,908,Não Identificado
908,909,"O Brother, Where Art Thou?"
909,910,"O Brother, Where Art Thou? - Soundtrack"
910,911,Oasis
911,912,Obrigado Brazil
912,913,Offering: Live At Temple University
913,914,Oh Happy Day
914,915,Oklahoma
915,916,Oklahoma!
916,917,Old Yellow Moon
917,918,"Olga Viva, Viva Olga"
918,919,On A Clear Day
919,920,On The Pulse Of Morning
920,921,Once In A Lifetime
921,922,Once: A New Musical
922,923,One By One
923,924,One Day Wonder
924,925,One Kind Favor
925,926,One Quiet Night
926,927,One Voice
927,928,Only The Lonely
928,929,Opium Moon
929,930,Opus
930,931,Oracle
931,932,Other Voices/Other Rooms
932,933,Otro Dia Mas Sin Verte
933,934,Our Endangered Values: America's Moral Crisis
934,935,Out Of Time
935,936,Outbound
936,937,Overcomer
937,938,Overload
938,939,Overtime
939,940,Own The Night
940,941,P.D.Q. Bach: Music For An Awful Lot Of Winds & Percussion
941,942,P.D.Q. Bach: WTWP Classical Talkity-Talk Radio
942,943,Pacific Mambo Orchestra
943,944,Painted
944,945,Paper Airplane
945,946,Parachutes
946,947,Paraiso Express
947,948,Passion
948,949,Past Present
949,950,Patty Griffin
950,951,Paul
951,952,Peace Time
952,953,Pecados Y Milagros
953,954,Pedal Steal + Four Corners
954,955,People
955,956,Percepción
956,957,"Perpetual Motion - Scarlatti, Bach, Debussy, Chopin"
957,958,Pete
958,959,Pete Seeger: The Smithsonian Folkways Collection
959,960,Phenomenal Woman
960,961,Pilgrimage
961,962,Planet Drum
962,963,Platinum
963,964,Playin' With My Friends - Bennett Sings The Blues
964,965,Please Don't Be Dead
965,966,Poco A Poco
966,967,Polka In Paradise
967,968,Polka! All Night Long
968,969,"Polkas, Gritos y Acordeónes"
969,970,Polkasonic
970,971,Pollution
971,972,Poodle Hat
972,973,Por Una Mujer Bonita
973,974,Porcupine Meat
974,975,Porgy And Bess
975,976,"Porter, Quincy: Complete Viola Works"
976,977,Potato Hole
977,978,Poverty's Paradise
978,979,Praise Him - Live!
979,980,Pray
980,981,Pray For Me
981,982,Prayer For Compassion
982,983,Prayer For The Wild Things
983,984,"Premieres - Cello Concertos (Works Of Danielpour, Kirchner, Rouse)"
984,985,Presidential Suite: Eight Variations On Freedom
985,986,Press On
986,987,"Previn Conducts Korngold - The Sea Hawk, Captain Blood, etc."
987,988,Prokofiev: Peter And The Wolf
988,989,Prokofiev: Peter And The Wolf/Beintus: Wolf Tracks
989,990,"Promises, Promises"
990,991,Prototype
991,992,"Psalms, Hymns & Spiritual Songs"
992,993,Public Domain - Songs From The Wild Land
993,994,Puccini: Madama Butterfly
994,995,Puccini: Madame Butterfly
995,996,Pure Comedy (Deluxe Edition)
996,997,Purified
997,998,Purple Rain
998,999,Push The Button
999,1000,Q - The Autobiography Of Quincy Jones
1000,1001,Q's Jook Joint
1001,1002,Quality Time
1002,1003,Quanta Live
1003,1004,Queen Of Soul - The Atlantic Recordings
1004,1005,Quentin Tarantino's Once Upon A Time In Hollywood
1005,1006,"R.S.V.P. (Rare Songs, Very Personal)"
1006,1007,RCA/Met - 100 Singers - 100 Years
1007,1008,Rachmaninoff - Hermitage Piano Trio
1008,1009,Radio Music Society
1009,1010,Raiders Of The Lost Ark
1010,1011,Raise Your Spirit Higher
1011,1012,Raisin
1012,1013,Raising Sand
1013,1014,Ramble At The Ryman
1014,1015,Random Access Memories
1015,1016,Randy In Brasil
1016,1017,Rapture
1017,1018,Ratatouille
1018,1019,Ray
1019,1020,Ray Of Light
1020,1021,Raymond V Raymond
1021,1022,Raíces
1022,1023,Realidades - Deluxe Edition
1023,1024,Rearrange My Heart
1024,1025,Rebirth
1025,1026,Rebirth Of New Orleans
1026,1027,Recorded Live At The 2019 New Orleans Jazz & Heritage Festival
1027,1028,Recovery
1028,1029,Recuerdos
1029,1030,Red Dirt Girl
1030,1031,Redhead
1031,1032,Reflections
1032,1033,Regalo Del Alma
1033,1034,Relapse
1034,1035,Relatable
1035,1036,Release Therapy
1036,1037,Remedy
1037,1038,Residente
1038,1039,Residente O Visitante
1039,1040,Retro
1040,1041,Returning
1041,1042,Revelation Pt. 1: The Root Of Life
1042,1043,Revelator
1043,1044,Revenge Of The Dreamers III
1044,1045,Revolución De Amor
1045,1046,Revolver
1046,1047,Richard Pryor...And It's Deep Too! - The Complete Warner Bros. Recordings (1968-1992)
1047,1048,Ride With Bob
1048,1049,Riding With The King
1049,1050,Right Now
1050,1051,Riley: Sun Rings
1051,1052,Rise And Shine
1052,1053,Risin' With The Blues
1053,1054,River: The Joni Letters
1054,1055,Riverdance
1055,1056,Robert Johnson - The Complete Recordings
1056,1057,Robin Williams - Live 2002
1057,1058,Rock Of Ages...Hymns & Faith
1058,1059,Rocketman
1059,1060,Rockferry
1060,1061,Roll With The New
1061,1062,Royal Traveller
1062,1063,Rumours
1063,1064,Run Home Slow
1064,1065,Run Wild. Live Free. Love Strong.
1065,1066,Rush Limbaugh Is A Big Fat Idiot
1066,1067,SOLACE
1067,1068,Sacred Ground - A Tribute To Mother Earth
1068,1069,Sacred Tibetan Chant
1069,1070,Saint-Saens: Carnival Of The Animals/Britten: Young Persons Guide To The Orchestra
1070,1071,Salsa Big Band
1071,1072,Salt Of The Earth
1072,1073,"Sam Cooke Live At The Harlem Square Club, 1963"
1073,1074,"Sam, Hard And Heavy"
1074,1075,Same Trailer Different Park
1075,1076,Santiago
1076,1077,Saturday Night Fever - Soundtrack
1077,1078,Saturn
1078,1079,Savor Flamenco
1079,1080,Scary Monsters And Nice Sprites
1080,1081,Scenery
1081,1082,Scenes From The Suburbs
1082,1083,"Schickele: Hornsmoke (Piano Concerto No. 2 In F Major ""Ole""; Brass Calendar; Hornsmoke - A Horse Opera)"
1083,1084,Schumann & Berg
1084,1085,"Schumann: Liederkreis Op. 24, Kerner-Lieder Op. 35"
1085,1086,Screamin' And Hollerin' The Blues - The Worlds Of Charley Patton
1086,1087,Screenplay
1087,1088,Segovia - The EMI Recordings 1927-39
1088,1089,Sekou Andrews & The String Theory
1089,1090,September Of My Years
1090,1091,Settle Here
1091,1092,Señor Bachata
1092,1093,Señor Blues
1093,1094,Sgt. Pepper's Lonely Hearts Club Band
1094,1095,Shaka Zulu Revisited: 30th Anniversary Celebration
1095,1096,"Shake, Rattle And Polka!"
1096,1097,Shakespeare Songs
1097,1098,Shakira - MTV Unplugged
1098,1099,She Loves Me
1099,1100,She's So Unusual
1100,1101,Shepherd Moons
1101,1102,Sheryl Crow
1102,1103,Shine For All The People
1103,1104,Shirley Caesar Live - He Will Come
1104,1105,Shostakovich: Symphonies Nos. 4 & 11
1105,1106,Shostakovich: Symphony No. 5
1106,1107,Shostakovich: Symphony No. 5; Barber: Adagio
1107,1108,Shostakovich: The String Quartets
1108,1109,Shoutin’ In Key
1109,1110,Si Me Faltas Tu
1110,1111,Sidebars
1111,1112,Sigue El Taconazo
1112,1113,Silver Solstice
1113,1114,Simple Dreams
1114,1115,Simple Gifts
1115,1116,Simpático
1116,1117,Sin Frenos
1117,1118,Sinatra At The Sands
1118,1119,Sincera
1119,1120,Sing It Now: Songs Of Faith & Hope
1120,1121,Sing Me Home
1121,1122,Sings
1122,1123,Singular Genius: The Complete ABC Singles
1123,1124,Sissle And Blake Sing Shuffle Along
1124,1125,Sitting On Top Of The Blues
1125,1126,Skin
1126,1127,Skrillex And Diplo Present Jack Ü
1127,1128,Skyfall
1128,1129,Slack Key Guitar Volume 2
1129,1130,Sleep Well Beast
1130,1131,Sleepy Time Lullabys
1131,1132,Slippin' In
1132,1133,Slipstream
1133,1134,Slow Down
1134,1135,Slumdog Millionaire
1135,1136,Smokey Joe's Cafe - The Songs Of Leiber & Stoller
1136,1137,So Long So Wrong
1137,1138,So Much 2 Say
1138,1139,Social Cues
1139,1140,Society's Child: My Autobiography
1140,1141,Soldier Of The Cross
1141,1142,Solo
1142,1143,Some Skunk Funk
1143,1144,Somebody Save Me
1144,1145,Something More Than Free
1145,1146,Something's Happening! A Christmas Album
1146,1147,Sometimes Miracles Hide
1147,1148,Son De Panamá
1148,1149,Son Del Alma
1149,1150,Son Of Patricia
1150,1151,Sonero: The Music Of Ismael Rivera
1151,1152,Song For Chico
1152,1153,Song For Maura
1153,1154,Songplay
1154,1155,Songs From The Neighborhood - The Music Of Mister Rogers
1155,1156,Songs I Heard
1156,1157,Songs In A Minor
1157,1158,Songs In The Key Of Life
1158,1159,"Songs Of Orpheus - Monteverdi, Caccini, D'India & Landi"
1159,1160,Songs Of The Church - Live In Memphis
1160,1161,Sorte!: Music By John Finbury
1161,1162,Soul Of The Tango - The Music Of Astor Piazzolla
1162,1163,Sound & Color
1163,1164,Sound + Vision
1164,1165,Sound City: Real To Reel
1165,1166,South Coast
1166,1167,Spanish Angel
1167,1168,Speakerboxxx/The Love Below
1168,1169,Speaking In Tongues
1169,1170,Speaking Of Now
1170,1171,Spectacular Class
1171,1172,Speechless
1172,1173,Spellbound - Compact
1173,1174,Spider-Man: Into The Spider-Verse
1174,1175,Spirit Of The Century
1175,1176,Spirit Wind North
1176,1177,Spring Awakening
1177,1178,Spring Training
1178,1179,"Squeeze Box: The Complete Works Of ""Weird Al"" Yankovic"
1179,1180,St. Elsewhere
1180,1181,St. Vincent
1181,1182,Stadium Arcadium
1182,1183,Stand Still
1183,1184,Standing In The Shadows Of Motown
1184,1185,Stankonia
1185,1186,Star People Nation
1186,1187,Star Time
1187,1188,Star Wars: The Force Awakens
1188,1189,Starboy
1189,1190,Stardust...The Great American Songbook Volume III
1190,1191,Stark Raving Black
1191,1192,Stax '68: A Memphis Story
1192,1193,Stellaluna
1193,1194,Step Back
1194,1195,Steppin' Out
1195,1196,Steve Gadd Band
1196,1197,Sticks & Stones
1197,1198,Still
1198,1199,Still Crazy After All These Years
1199,1200,Still Me
1200,1201,Still Rockin' My Soul
1201,1202,Still The King: Celebrating The Music Of Bob Wills And His Texas Playboys
1202,1203,Still Unforgettable
1203,1204,Stones In The Road
1204,1205,Stony Hill
1205,1206,Stravinsky Conducts 1960: Le Sacre Du Printemps; Petrouchka
1206,1207,Stravinsky: Firebird; The Rite Of Spring; Perséphone
1207,1208,Street Signs
1208,1209,Strictly Roots
1209,1210,Stronger
1210,1211,Stronger Than The Truth
1211,1212,Suburban Attitudes In Country Verse
1212,1213,Summertime: Willie Nelson Sings Gershwin
1213,1214,Sunday In The Park With George
1214,1215,Superman
1215,1216,Supernatural
1216,1217,Sweeney Todd
1217,1218,Sweetener
1218,1219,Switched-On-Bach
1219,1220,Sylva
1220,1221,Symphony No. 1
1221,1222,Syro
1222,1223,Sì
1223,1224,TajMo
1224,1225,Take Care
1225,1226,Take Me To The Alley
1226,1227,Take Your Pick
1227,1228,Take Your Shoes Off
1228,1229,Taking The Long Way
1229,1230,Tales Of America
1230,1231,Talking For Clapping
1231,1232,Talking Timbuktu
1232,1233,Tall Fiddler
1233,1234,"Tall, Dark, & Handsome"
1234,1235,Tangos
1235,1236,Tapestry
1236,1237,Tarzan
1237,1238,Tassili
1238,1239,Tattoo You
1239,1240,Te Va A Gustar
1240,1241,Tell Me I'm Pretty
1241,1242,Ten Summoner's Tales
1242,1243,Testimony
1243,1244,Tha Carter III
1244,1245,Thankful
1245,1246,The 2000 Year Old Man In The Year 2000
1246,1247,The Adventures Of Elmo In Grouchland
1247,1248,The Age Of Spin & Deep In The Heart Of Texas
1248,1249,The Apostle - Soundtrack
1249,1250,The Art Of Romance
1250,1251,The Audacity Of Hope: Thoughts On Reclaiming The American Dream
1251,1252,"The Autobiography Of Martin Luther King, Jr."
1252,1253,The Band Courtbouillon
1253,1254,The Band's Visit
1254,1255,The Barbra Streisand Album
1255,1256,The Basement Tapes Complete: The Bootleg Series Vol. 11
1256,1257,The Beatles (The Original Studio Recordings)
1257,1258,The Bluegrass Diaries
1258,1259,The Blues Is Alive And Well
1259,1260,The Bodyguard - Original Soundtrack Album
1260,1261,The Book Of Mormon
1261,1262,The Breakthrough
1262,1263,The Button-Down Mind Of Bob Newhart
1263,1264,The Calling
1264,1265,The Carnegie Hall Performance
1265,1266,The Celtic Harp
1266,1267,The Changing Face Of Harlem - The Savoy Sessions
1267,1268,The Children's Shakespeare
1268,1269,The Civil War
1269,1270,The Civil War - Original Soundtrack
1270,1271,The College Dropout
1271,1272,The Color Purple
1272,1273,The Company We Keep
1273,1274,The Complete Billie Holiday On Verve 1945-1959
1274,1275,"The Complete Capitol Recordings Of The Nat ""King"" Cole Trio"
1275,1276,The Complete Chess Masters (1950-1967)
1276,1277,The Complete Columbia Recordings Of Woody Herman And His Orchestra & Woodchoppers (1945-1947)
1277,1278,The Complete Columbia Studio Recordings
1278,1279,The Complete Cuban Jam Sessions
1279,1280,The Complete Ella Fitzgerald Song Books On Verve
1280,1281,The Complete Ella Fitzgerald Songbooks
1281,1282,The Complete Hank Williams
1282,1283,The Complete Jack Johnson Sessions
1283,1284,The Complete Library Of Congress Recordings By Alan Lomax
1284,1285,The Complete Louis Armstrong Decca Sessions (1935-1946)
1285,1286,"The Complete Stax/Volt Soul Singles, Vol. 3: 1972-1975"
1286,1287,The Complete Sussex And Columbia Albums
1287,1288,The Concert For Bangla Desh
1288,1289,The Crow: New Songs For The Five-String Banjo
1289,1290,"The Cutting Edge 1965-1966: The Bootleg Series, Vol.12 (Collector's Edition)"
1290,1291,The Daily Show With Jon Stewart Presents Earth (The Audiobook)
1291,1292,The Daily Show With Jon Stewart Presents...America: A Citizen's Guide To Democracy Inaction
1292,1293,The Dark Knight
1293,1294,The Diary Of Alicia Keys
1294,1295,The Distant Future
1295,1296,The Duke Ellington Centennial Edition - The Complete RCA Victor Recordings (1927-1973)
1296,1297,The E.N.D.
1297,1298,The Earls Of Leicester
1298,1299,The Edge Of Silence - Works For Voice By György Kurtág
1299,1300,The Elements
1300,1301,The Eleventh Hour
1301,1302,The Ellington Era
1302,1303,The Emancipation Of Mimi
1303,1304,The Eminem Show
1304,1305,The Empire Strikes Back
1305,1306,The Evolution Of Gospel
1306,1307,The Experience
1307,1308,The Fabulous Baker Boys
1308,1309,The Fame
1309,1310,The Fame Monster
1310,1311,The Fight Of My Life
1311,1312,The Final Battle: Sly & Robbie vs. Roots Radics
1312,1313,The First Family
1313,1314,The Forgotten Arm
1314,1315,"The Garden Spot Programs, 1950"
1315,1316,The Gathering
1316,1317,The Genius Of Ray Charles
1317,1318,The Ghost Of Tom Joad
1318,1319,The Girl From Chickasaw County - The Complete Capitol Masters
1319,1320,The Girl With The Dragon Tattoo
1320,1321,The Globe Sessions
1321,1322,The Goat Rodeo Sessions
1322,1323,The Good Feeling
1323,1324,The Gospel According To Malaco
1324,1325,The Grand Budapest Hotel
1325,1326,The Grass Is Blue
1326,1327,The Great Adventure
1327,1328,The Great Comeback: Horowitz At Carnegie Hall
1328,1329,The Great Dobro Sessions
1329,1330,The Great Exchange
1330,1331,"The Greatest Recordings Of Arturo Toscanini - Symphonies, Vol. I"
1331,1332,The Greatest Showman
1332,1333,The Hawk Flies
1333,1334,The Heifetz Collection
1334,1335,The Heist
1335,1336,The Hidden Land
1336,1337,The Interplay Sessions
1337,1338,The Intimate Bach
1338,1339,The Joshua Tree
1339,1340,The King's Speech
1340,1341,The Last Days Of Oakland
1341,1342,The Last Emperor
1342,1343,The Last Mambo
1343,1344,The Legacy
1344,1345,The Legend
1345,1346,"The Lester Young Story, Vol. 3"
1346,1347,The Lion King
1347,1348,The Lion King - Original Motion Picture Soundtrack
1348,1349,The Lion King Read-Along
1349,1350,The Lion King: The Gift
1350,1351,The Lion King: The Songs
1351,1352,The Live Adventure
1352,1353,The Live Wire - Woody Guthrie In Performance 1949
1353,1354,The Living Room Sessions Part 1
1354,1355,The Look Of Love
1355,1356,The Lord Of The Rings - The Fellowship Of The Ring
1356,1357,The Lord Of The Rings - The Return Of The King
1357,1358,The Lord Of The Rings - The Two Towers
1358,1359,The Lost Boy
1359,1360,The Love
1360,1361,The Marshall Mathers LP
1361,1362,The Marshall Mathers LP2
1362,1363,The Measure Of A Man
1363,1364,The Memory Of Trees
1364,1365,The Miseducation Of Lauryn Hill
1365,1366,The Missing Years
1366,1367,The Mix-Up
1367,1368,The Mosaic Project
1368,1369,The Muscle Shoals Recordings
1369,1370,The Music From Peter Gunn
1370,1371,The Music Man
1371,1372,The Music Of Harry Potter And The Cursed Child - In Four Contemporary Suites
1372,1373,The Nashville Sound
1373,1374,The New Crystal Silence
1374,1375,The Nu Nation Project
1375,1376,The Offense Of The Drum
1376,1377,The Omni-American Book Club
1377,1378,The Orchestral Organ
1378,1379,The Power Of One
1379,1380,The Princess Diarist
1380,1381,The Producers
1381,1382,The Promise: The Darkness On The Edge Of Town Story
1382,1383,The Radio Recordings 1939–1945
1383,1384,The Reason
1384,1385,The Resistance
1385,1386,The Return Of Roger Miller
1386,1387,The Revolution Starts...Now
1387,1388,"The Rise & Fall Of Paramount Records, Volume One (1917-27)"
1388,1389,"The Rise & Fall Of Paramount Records, Volume Two (1928-32)"
1389,1390,The Rising
1390,1391,The River & The Thread
1391,1392,The Road From Memphis
1392,1393,The Road To Ensenada
1393,1394,The Road To Escondido
1394,1395,The Savior
1395,1396,The Score
1396,1397,The Secret Between The Shadow And The Soul
1397,1398,The Siegel-Schwall Band
1398,1399,The Silver Lining: The Songs Of Jerome Kern
1399,1400,The Sky Is Crying
1400,1401,The Slim Shady LP
1401,1402,The Smile Sessions (Deluxe Box Set)
1402,1403,The Sound Of Music
1403,1404,The Stanley Clarke Band
1404,1405,The Streets Of Baltimore
1405,1406,The Suburbs
1406,1407,The Thompson Fields
1407,1408,"The Tommy Dorsey/Frank Sinatra Sessions - Vols. 1 ,2 & 3"
1408,1409,The Train They Call The City Of New Orleans
1409,1410,The Travelin' McCourys
1410,1411,The Ultimate Adventure
1411,1412,The Untouchables
1412,1413,The Voice - The Columbia Years 1943-1952
1413,1414,The Voyager Golden Record: 40th Anniversary Edition
1414,1415,The Way Up
1415,1416,The Way We Were
1416,1417,The Who's Tommy
1417,1418,The Will Rogers Follies
1418,1419,The Wind
1419,1420,The Window
1420,1421,The Wiz
1421,1422,The Woman In Me
1422,1423,The World's Greatest Blues Singer
1423,1424,Thelonious Monk - The Complete Riverside Recordings
1424,1425,There Is Nothing Left To Lose
1425,1426,There Was An Old Lady Who Swallowed A Fly
1426,1427,There Will Be A Light
1427,1428,These Days
1428,1429,Thinking Of You
1429,1430,Thirsty Ghost
1430,1431,This Is My Song
1431,1432,This Is Not A Test
1432,1433,This Is What I Do
1433,1434,This Is Where I Live
1434,1435,This Land
1435,1436,This Side
1436,1437,Thriller
1437,1438,Through God's Eyes
1438,1439,Throw A Penny In The Wishing Well
1439,1440,"Throw Down Your Heart , Africa Sessions Part 2: Unreleased Tracks"
1440,1441,"Throw Down Your Heart: Tales From The Acoustic Planet, Vol. 3 - Africa Sessions"
1441,1442,Thy Kingdom Come
1442,1443,Tiempo Al Tiempo
1443,1444,Time Out Of Mind
1444,1445,Timeless - Hank Williams Tribute
1445,1446,"Tin, Christopher: Calling All Dawns"
1446,1447,Tired Of Runnin'
1447,1448,Titanic - Music As Heard On The Fateful Voyage
1448,1449,To Be Loved
1449,1450,To Pimp A Butterfly
1450,1451,"Toil, Tears & Trouble"
1451,1452,Tom T. Hall's Greatest Hits
1452,1453,Tommy
1453,1454,Tomorrow's Children
1454,1455,Tony Bennett Celebrates 90
1455,1456,Top Of The World
1456,1457,Totemic Flute Chants
1457,1458,Toto IV
1458,1459,Touched By A Polka
1459,1460,Tower: Made In America
1460,1461,Townes
1461,1462,Toy Story 3
1462,1463,Traditions And Transformations: Sounds Of Silk Road Chicago
1463,1464,Transmigration
1464,1465,Trauma
1465,1466,Traveller
1466,1467,Treasures Of Hawaiian Slack Key Guitar
1467,1468,Treinta Días
1468,1469,Tribute - The Songs Of Andrae Crouch
1469,1470,Tribute To Irakere: Live In Marciac
1470,1471,Tribute To The Music Of Bob Wills & The Texas Playboys
1471,1472,Trilogy
1472,1473,"Trilogy: Past, Present And Future"
1473,1474,Triple Helix
1474,1475,Troubadour
1475,1476,True Life Blues - The Songs Of Bill Monroe
1476,1477,True Love
1477,1478,Tu Esclavo Y Amo
1478,1479,Tu Noche Con...Los Tigres Del Norte
1479,1480,Tunnel Vision
1480,1481,Turbulent Indigo
1481,1482,Turn Around
1482,1483,Turned To Blue
1483,1484,Tutu
1484,1485,Two Against Nature
1485,1486,U.F.O.F.
1486,1487,Ultra-Lounge (Leopard Skin Sampler)
1487,1488,"Un Azteca En El Azteca, Vol. 1 (En Vivo)"
1488,1489,Un Besito Más
1489,1490,Una Noche Con Rubén Blades
1490,1491,Unapologetic
1491,1492,Uncaged
1492,1493,Unchained
1493,1494,Under Great White Northern Lights (Limited Edition Box Set)
1494,1495,Under Their Influence
1495,1496,Undercurrent
1496,1497,Underground
1497,1498,Unexpected
1498,1499,Unforgettable With Love
1499,1500,Unity Band
1500,1501,Unleashed
1501,1502,Uno
1502,1503,Unorthodox Jukebox
1503,1504,Unplugged
1504,1505,Unseen Power
1505,1506,Unspeakable
1506,1507,Until My Heart Caves In
1507,1508,Up
1508,1509,Van Lear Rose
1509,1510,Vaughan Williams: A Sea Symphony (Sym. No. 1)
1510,1511,Vaughan Williams: Dona Nobis Pacem; Symphony No. 4; The Lark Ascending
1511,1512,Vaughan Williams: Symphony No. 2 (A London Symphony)
1512,1513,Venom & Faith
1513,1514,Ventura
1514,1515,Verdi: Requiem
1515,1516,Verdi: Requiem & Operatic Choruses
1516,1517,Verve
1517,1518,Vida
1518,1519,Viva La Revolucion
1519,1520,Viva La Tradición
1520,1521,Viva La Vida Or Death And All His Friends
1521,1522,Voices Of Mississippi: Artists And Musicians Documented By William Ferris
1522,1523,Vol. 2...Hard Knock Life
1523,1524,Voodoo
1524,1525,Voodoo Lounge
1525,1526,Voyage To India
1526,1527,Voz D'Amor
1527,1528,Waitin' For The Hard Times To Go
1528,1529,Wake Up!
1529,1530,Wake-Up Call
1530,1531,Walk The Line
1531,1532,Walk Through Fire
1532,1533,Walls
1533,1534,Washington Square Serenade
1534,1535,Wasting Light
1535,1536,We Are The Night
1536,1537,We Called Him Mr. Gospel Music - The James Blackwood Tribute Album
1537,1538,We Shall Overcome - The Seeger Sessions
1538,1539,Weather
1539,1540,Weill: Rise And Fall Of The City Of Mahagonny
1540,1541,Welcome To Jamrock
1541,1542,Welcome To The Freak Show - dc Talk Live In Concert
1542,1543,West Side Story
1543,1544,What Goes Around
1544,1545,What Heat
1545,1546,What It Is!: Funky Soul And Rare Grooves (1967-1977)
1546,1547,What You Can Do To Avoid AIDS
1547,1548,What's It All About
1548,1549,Whatcha Lookin' 4
1549,1550,When I Look In Your Eyes
1550,1551,When It's Cold - Cree Round Dance Songs
1551,1552,"When We All Fall Asleep, Where Do We Go?"
1552,1553,Wherever You Are
1553,1554,While I'm Livin'
1554,1555,White Sun II
1555,1556,Who Are You Now
1556,1557,Wicked
1557,1558,Wide Angles
1558,1559,Wide Open Spaces
1559,1560,Wildflowers
1560,1561,Wildwood Flower
1561,1562,Winds Of Samsara
1562,1563,Wings
1563,1564,Wings Over America (Deluxe Edition)
1564,1565,Winnie-The-Pooh
1565,1566,Winter Morning Walks
1566,1567,Winterland
1567,1568,Wire
1568,1569,With Ossie And Ruby:  In This Life Together
1569,1570,Wolfe: Fire In My Mouth
1570,1571,Wolfgang Amadeus Phoenix
1571,1572,Woman Worldwide
1572,1573,Wonder Wheel - Lyrics By Woody Guthrie
1573,1574,Woodstock: Back To The Garden - The Definitive 50th Anniversary Archive
1574,1575,Woody At 100: The Woody Guthrie Centennial Collection
1575,1576,Woody's Roundup Featuring Riders In The Sky
1576,1577,Words
1577,1578,World Gone Wrong
1578,1579,Worldwide
1579,1580,Worship & Faith
1580,1581,Worship Again
1581,1582,Wrecking Ball
1582,1583,X 100Pre
1583,1584,X-tra Naked
1584,1585,Years To Burn
1585,1586,Yes To Running! Bill Harley Live
1586,1587,Yo Por Tí
1587,1588,Yo-Yo Ma & Friends: Songs Of Joy And Peace
1588,1589,You Are Not Alone
1589,1590,You Are There
1590,1591,You Can Make It
1591,1592,Ziggy Marley
1592,1593,Ziggy Marley In Concert
1593,1594,Zooropa
1594,1595,Zydeco Junkie
1595,1596,amo
1596,1597,cELLAbration! A Tribute To Ella Jenkins
1597,1598,iLevitable
1598,1599,"thank u, next"
1599,1600,¡Ahora Sí!
1600,1601,¡México Por Siempre!
1601,1602,¡Ritmo!
1602,1603,¿Qué Es Música Tejana?
1603,1604,÷ (Divide)
