,cod_artist,artist
0,1,(Bulgarian State Female Vocal Choir)
1,2,"(David Seville And The Chipmunks) Ross Bagdasarian, Sr."
2,3,(Depeche Mode)
3,4,(Franklin Delano Roosevelt)
4,5,(Go) Get It
5,6,(Jane Ira Bloom)
6,7,(Jim Henson's Muppets & The Sesame Street Cast)
7,8,(Jimi Hendrix)
8,9,(Joe South)
9,10,(John F. Kennedy)
10,11,(John Lennon)
11,12,(Miles Davis)
12,13,(Miles Davis) & Various Artists
13,14,(Mormon Tabernacle Choir)
14,15,(Original Broadway Cast)
15,16,(Original Cast)
16,17,(Sam Cooke)
17,18,(Sesame Street Cast)
18,19,(Sesame Street Characters)
19,20,(Simon And Garfunkel)
20,21,"(Sly & The Family Stone), John Legend, Joss Stone With Van Hunt"
21,22,(The Beatles)
22,23,(The Doors)
23,24,(The Maranatha! Kids)
24,25,(The Muppets)
25,26,"(The Muppets, Glen Campbell, Crystal Gayle, Loretta Lynn, Tanya Tucker)"
26,27,(The Sesame Street Muppets & Various Artists)
27,28,(The Sesame Street Muppets)
28,29,"(Uta Hagen, Arthur Hill, George Grizzard & Melinda Dillon)"
29,30,(Various Artists)
30,31,2+2 Plus
31,32,21 Savage
32,33,500 Miles High
33,34,5th Dimension
34,35,A Change Is Gonna Come
35,36,A Flock Of Seagulls
36,37,A Great Big World With Christina Aguilera
37,38,A Taste Of Honey
38,39,AC/DC
39,40,Aaron Neville & Trisha Yearwood
40,41,Adam Abeshouse
41,42,Adam Stern
42,43,Adele
43,44,"Adele Adkins & Paul Epworth, songwriters (Adele)"
44,45,Aerosmith
45,46,Afternoon Delight
46,47,Aida Cuevas
47,48,Aimee Mann
48,49,"Al Bunetta, Dan Einstein & Hank Neuberger, producers; (Arlo Guthrie, John Hartford, Richie Havens, Bonnie Koloc, Nitty Gritty Dirt Band, John Prine and Others)"
49,50,Al Franken
50,51,Al Green
51,52,Al Green & Lyle Lovett
52,53,Al Green Featuring Anthony Hamilton
53,54,Al Green Featuring John Legend
54,55,Al Hirt
55,56,Al Jarreau
56,57,Alabama
57,58,Alabama Shakes
58,59,Alan Copeland Singers
59,60,"Alan Menken & Glenn Slater, songwriters (Mandy Moore & Zachary Levi)"
60,61,"Alan Menken & Stephen Schwartz, songwriters (Vanessa Williams & Judy Kuhn)"
61,62,"Alan Menken & Tim Rice, songwriters (Peabo Bryson & Regina Belle)"
62,63,Alanis Morissette
63,64,Alannah Myles
64,65,Albertina Walker
65,66,Alejandro Sanz
66,67,Alessia Cara
67,68,Ali Farka Toure & Ry Cooder
68,69,Ali Farka Touré & Toumani Diabaté
69,70,Alicia Keys
70,71,Alison Brown & Béla Fleck
71,72,Alison Krauss
72,73,Alison Krauss & The Cox Family
73,74,Alison Krauss & Union Station
74,75,Alison Krauss And Union Station
75,76,All-4-One
76,77,Allan Sherman
77,78,Alphabet Rockers
78,79,Altin Gün
79,80,Amazing Rhythm Aces
80,81,America
81,82,Amy Grant
82,83,Amy Hānaiali’i
83,84,Amy Winehouse
84,85,Anagram
85,86,Anat Cohen Tentet
86,87,Anderson .Paak
87,88,Anderson .Paak Featuring André 3000
88,89,Andrae Crouch
89,90,Andrae Crouch & The Disciples
90,91,Andre Previn
91,92,Andrea Bocelli
92,93,Andreas Vollenweider
93,94,Andrew Bird
94,95,Andrew Cornall
95,96,André Previn
96,97,Andy Griffith
97,98,Angelique Kidjo
98,99,Angelo Badalamenti
99,100,Anita Baker
100,101,Anita Baker & The Winans
101,102,Anita Kerr Singers
102,103,Anne Murray
103,104,Annie Lennox
104,105,"Annie Lennox, Howard Shore & Fran Walsh, songwriters (Annie Lennox)"
105,106,Aphex Twin
106,107,Apparat
107,108,April Stevens And Nino Tempo
108,109,Arcade Fire
109,110,Aretha Franklin
110,111,Aretha Franklin & George Michael
111,112,Aretha Franklin & Mary J. Blige (Featuring The Harlem Boys Choir)
112,113,Ariana Grande
113,114,Ariana Grande & Social House
114,115,Arif Mardin
115,116,Arjona
116,117,Arrested Development
117,118,Art Blakey & The Jazz Messengers
118,119,Art Linkletter & Diane Linkletter
119,120,Arturo O'Farrill & The Afro Latin Jazz Orchestra
120,121,Arturo O'Farrill & The Afro-Latin Jazz Orchestra
121,122,Arturo Sandoval
122,123,Ashanti
123,124,Ashley Cleveland
124,125,Ashley McBryde
125,126,Asleep At The Wheel
126,127,Asleep At The Wheel & Lyle Lovett
127,128,Asleep At The Wheel Featuring Béla Fleck & Johnny Gimble
128,129,"Asleep At The Wheel Featuring Eldon Shamblin, Johnny Gimble, Chet Atkins, Vince Gill, Marty Stuart & Reuben ""Lucky Oceans"" Gosfield"
129,130,"Asleep At The Wheel Featuring Tommy Allsup, Floyd Domino, Larry Franklin, Vince Gill & Steve Wariner"
130,131,Audio Adrenaline
131,132,Audrey Hepburn
132,133,Aymée Nuviola
133,134,Aziz Ansari
134,135,B.B. King
135,136,B.B. King & Dr. John
136,137,B.B. King & Eric Clapton
137,138,B.B. King & Friends
138,139,B.J. Thomas
139,140,BJ The Chicago Kid
140,141,Babyface
141,142,Babyface & L.A. Reid
142,143,Bacilos
143,144,Bad Bunny
144,145,Baha Men
145,146,Barack Obama
146,147,Barbara Bailey Hutchison
147,148,Barbara Mandrell
148,149,Barbara Mandrell & Bobby Jones
149,150,Barber: Piano Concerto
150,151,Barbra Streisand
151,152,Barbra Streisand & Barry Gibb
152,153,Barry Manilow
153,154,Barry White
154,155,Basement Jaxx
155,156,Be-Bop
156,157,BeBe & CeCe Winans
157,158,Beastie Boys
158,159,"Beau Bridges, Cynthia Nixon & Blair Underwood"
159,160,BeauSoleil
160,161,BeauSoleil & Michael Doucet
161,162,Bebe Winans
162,163,Bebo Valdés
163,164,Bebo Valdés And Chucho Valdés
164,165,"Bebo Valdés Trio With Israel López ""Cachao"" & Carlos ""Patato"" Valdés"
165,166,Beck
166,167,Bee Gees
167,168,"Bee Gees, Albhy Galuten & Karl Richardson"
168,169,Beenie Man
169,170,Belafonte At Carnegie Hall
170,171,Belafonte Folk Singers
171,172,Ben Harper
172,173,Ben Harper & The Blind Boys Of Alabama
173,174,Ben Harper With Charlie Musselwhite
174,175,Ben Kingsley
175,176,Bent Fabric
176,177,Bette Midler
177,178,Betty Carter
178,179,Betty White
179,180,Beyoncé
180,181,Beyoncé & Luther Vandross
181,182,Beyoncé & Stevie Wonder
182,183,Beyoncé Featuring Jay Z
183,184,Beyoncé Featuring Jay-Z
184,185,Big Thief
185,186,Bill & Gloria Gaither & The Homecoming Friends
186,187,Bill & Gloria Gaither & Their Homecoming Friends
187,188,Bill Clinton
188,189,"Bill Clinton, Mikhail Gorbachev & Sophia Loren (Kent Nagano; Russian National Orchestra)"
189,190,Bill Cosby
190,191,Bill Evans
191,192,Bill Evans Trio
192,193,Bill Frisell
193,194,Bill Harley
194,195,Bill Miller
195,196,Bill Monroe
196,197,Billie Eilish
197,198,Billy Childs
198,199,Billy Joel
199,200,Billy May
200,201,Billy Ocean
201,202,Billy Paul
202,203,Billy Preston
203,204,Black Eagle
204,205,"Black Keys, The"
205,206,Black Pumas
206,207,Black Sabbath
207,208,Black Uhuru
208,209,Black:Guayaba
209,210,Blackstreet
210,211,Blackwood Brothers
211,212,Blake Shelton
212,213,Blanton Alspaugh
213,214,Blanton Alspaugh (producer)
214,215,"Blood, Sweat And Tears"
215,216,Blues Traveler
216,217,Bob Dylan
217,218,Bob James & Earl Klugh
218,219,Bob Mintzer Big Band
219,220,Bob Newhart
220,221,Bob Seger & The Silver Bullet Band
221,222,Bobbie Gentry
222,223,Bobby Bare
223,224,Bobby Brown
224,225,Bobby Darin
225,226,Bobby McFerrin
226,227,Bobby McFerrin & Jack Nicholson
227,228,Bobby McFerrin & Jon Hendricks
228,229,Bobby Rush
229,230,Bokanté & Metropole Orkest Conducted By Jules Buckley
230,231,Bon Iver
231,232,Bon Jovi & Jennifer Nettles
232,233,Bone Thugs-N-Harmony
233,234,Bones UK
234,235,Bonnie Raitt
235,236,Bonnie Raitt & Delbert McClinton
236,237,Bonnie Raitt & John Lee Hooker
237,238,Bonobo
238,239,Booker T & The MG's
239,240,Booker T. Jones
240,241,Boris Karloff
241,242,Boyz II Men
242,243,Brad Mehldau
243,244,Brad Paisley
244,245,"Brad Paisley, James Burton, Vince Gill, John Jorgenson, Albert Lee, Brent Mason, Redd Volkaert & Steve Wariner"
245,246,Brandi Carlile
246,247,Brandy & Monica
247,248,Branford Marsalis
248,249,Branford Marsalis Quartet
249,250,Brave Combo
250,251,Brecker Brothers
251,252,Brendan O'Brien
252,253,Brian Eno & Daniel Lanois
253,254,Brian Lynch Big Band
254,255,Brian Wilson
255,256,Bring Me The Horizon
256,257,Britney Spears
257,258,Brittany Howard
258,259,Brooks & Dunn
259,260,Brooks & Dunn With Luke Combs
260,261,Brothers Johnson
261,262,Brothers Osborne
262,263,Bruce Carroll
263,264,Bruce Hornsby & Branford Marsalis
264,265,Bruce Hornsby & The Range
265,266,Bruce Springsteen
266,267,"Bruce Springsteen, songwriter (Bruce Springsteen)"
267,268,Bruno Mars
268,269,"Bryan Adams, Michael Kamen & Robert John ""Mutt"" Lange, songwriters (Bryan Adams)"
269,270,Bryan Sutton & Doc Watson
270,271,Bryn Terfel
271,272,Buck Howdy
272,273,Buckwheat Zydeco
273,274,Buddy Guy
274,275,Buju Banton
275,276,Bunny Wailer
276,277,Burl Ives
277,278,Burna Boy
278,279,Burning Spear
279,280,Burt Bacharach
280,281,Béla Fleck
281,282,Béla Fleck & Abigail Washburn
282,283,Béla Fleck & The Flecktones
283,284,"Béla Fleck, Edgar Meyer, Joshua Bell, John Williams & Evelyn Glennie"
284,285,Cabin Fever
285,286,Cachao
286,287,Caetano Veloso
287,288,Café Tacuba
288,289,Cage The Elephant
289,290,Cal Tjader
290,291,Calexico And Iron & Wine
291,292,Calle 13
292,293,Candlemass Featuring Tony Iommi
293,294,Cannonball Adderley Quintet
294,295,Captain & Tennille
295,296,Cardi B
296,297,Caribbean Jazz Project
297,298,Carl Jackson & John Starling (With The Nash Ramblers)
298,299,Carl Sandburg
299,300,Carlos Santana
300,301,Carlos Vives
301,302,Carly Simon
302,303,"Carly Simon, songwriter (Carly Simon)"
303,304,Carol Burnett
304,305,Carole King
305,306,Carolina Chocolate Drops
306,307,Carpenters
307,308,Carrie Fisher
308,309,Carrie Underwood
309,310,Carrie Underwood & Randy Travis
310,311,Caspar Babypants
311,312,Cassandra Wilson
312,313,Casting Crowns
313,314,Catherine Russell
314,315,Cathy Fink And Marcy Marxer
315,316,CeCe & BeBe Winans
316,317,CeCe Winans
317,318,Cee Lo Green
318,319,Cee Lo Green & Melanie Fiona
319,320,Celia Cruz
320,321,Celia Cruz & Ray Barretto
321,322,Celine Dion
322,323,Celine Dion & Peabo Bryson
323,324,Cesaria Evora
324,325,Chaka Khan
325,326,Chaka Khan & The Funk Brothers
326,327,Chaka Khan Featuring Mary J. Blige
327,328,Chamillionaire Featuring Krayzie Bone
328,329,Chan's Song
329,330,Chance The Rapper
330,331,Chance The Rapper Featuring Lil Wayne & 2 Chainz
331,332,Charles Kuralt
332,333,Charles Laughton
333,334,Charley Pride
334,335,Charlie Haden
335,336,Charlie Haden & Pat Metheny
336,337,Charlie McCoy
337,338,Charlie Rich
338,339,Che Apalache
339,340,Cheech & Chong
340,341,Chente Barrera y Taconazo
341,342,Cher
342,343,Cherokee
343,344,Chet Atkins
344,345,Chet Atkins & Jerry Reed
345,346,Chet Atkins & Les Paul
346,347,Chet Atkins & Mark Knopfler
347,348,Chet Atkins & Merle Travis
348,349,Chicago
349,350,Chick Corea
350,351,Chick Corea & Gary Burton
351,352,Chick Corea & John McLaughlin Five Peace Band
352,353,Chick Corea & Return To Forever
353,354,Chick Corea & The Spanish Heart Band
354,355,Chick Corea Akoustic Band
355,356,Chick Corea Trio
356,357,Childish Gambino
357,358,Chip Davis (Mannheim Steamroller)
358,359,Chris Botti
359,360,Chris Brown
360,361,Chris Cornell
361,362,Chris Perez Band
362,363,Chris Rock
363,364,Chris Stapleton
364,365,Chris Thile & Edgar Meyer
365,366,Chris Tomlin
366,367,Chrisette Michele Featuring will.i.am
367,368,Christian McBride Big Band
368,369,Christian McBride’s New Jawn
369,370,Christian Scott aTunde Adjuah
370,371,Christina Aguilera
371,372,"Christina Aguilera, Lil' Kim, Mya & Pink"
372,373,"Christone ""Kingfish"" Ingram"
373,374,Christopher Cross
374,375,"Christopher Guest, Eugene Levy & Michael McKean, songwriters (The Folksmen, Mitch & Mickey, And The New Main Street Singers)"
375,376,Christopher Reeve
376,377,Chubby Carrier And The Bayou Swamp Band
377,378,Chubby Checker
378,379,Chucho Valdés
379,380,Chucho Valdés And The Afro-Cuban Messengers
380,381,Chuck Mangione
381,382,Cissy Houston
382,383,Clannad
383,384,Clare Fischer
384,385,"Clarence ""Gatemouth"" Brown"
385,386,Claudia Brant
386,387,Clean Bandit Featuring Jess Glynne
387,388,Cleo Laine
388,389,Clifton Chenier & His Red Hot Louisiana Band
389,390,"Clint Black, Joe Diffie, Merle Haggard, Emmylou Harris, Alison Krauss, Patty Loveless, Earl Scruggs, Ricky Skaggs, Marty Stuart, Pam Tillis, Randy Travis, Travis Tritt & Dwight Yoakam"
390,391,Coldplay
391,392,Commodores
392,393,Common Featuring Kanye West
393,394,Conway Twitty & Loretta Lynn
394,395,Coolio
395,396,"Corea, Clarke & White"
396,397,Corigliano: Conjurer - Concerto For Percussionist & String Orchestra
397,398,Corinne Bailey Rae
398,399,Cortelia Clark
399,400,Count Basie
400,401,"Count Basie Orchestra; Grover Mitchell, director"
401,402,"Crosby, Stills And Nash"
402,403,Crowder
403,404,Crystal Gayle
404,405,Culture Club
405,406,Cyndi Lauper
406,407,Cécile McLorin Salvant
407,408,D'Angelo
408,409,D'Angelo And The Vanguard
409,410,D.J. Jazzy Jeff & The Fresh Prince
410,411,DJ Khaled Featuring Nipsey Hussle & John Legend
411,412,DaBaby
412,413,Dafnis Prieto Big Band
413,414,Daft Punk
414,415,Daft Punk Featuring Pharrell Williams & Nile Rodgers
415,416,"Damian ""Jr. Gong"" Marley"
416,417,Damian Marley
417,418,Dan + Shay
418,419,Dan Auerbach
419,420,"Dan Tyminski, Harley Allen & Pat Enright (The Soggy Bottom Boys)"
420,421,Dan Zanes And Friends
421,422,Dancin' 4 Chicken
422,423,Danger Mouse
423,424,Daniel Caesar & Brandy
424,425,Daniel Tashian
425,426,Daniel Winans
426,427,Danny Gokey
427,428,Darius Rucker
428,429,"Darlene Love, Merry Clayton, Lisa Fischer & Judith Hill"
429,430,Daugherty: Tales Of Hemingway
430,431,Dave Alvin
431,432,Dave Chappelle
432,433,Dave Grohl & Various Artists
433,434,Dave Holland Big Band
434,435,Dave Matthews
435,436,Dave Matthews Band
436,437,David Arkenstone
437,438,David Bowie
438,439,David Crosby
439,440,David Darling
440,441,David Foster
441,442,David Frost
442,443,David Holt
443,444,David Houston
444,445,"David Lee Garza, Joel Guzman & Sunny Sauceda"
445,446,"David Murray, McCoy Tyner, Pharoah Sanders, Cecil McBee & Roy Haynes"
446,447,David Rose And His Orchestra With Andre Previn
447,448,David Sanborn
448,449,David Sanborn & Bob James
449,450,"David Seville & The Chipmunks (Ross Bagdasarian, Sr.)"
450,451,"David Seville And The Chipmunks (Ross Bagdasarian, Sr.)"
451,452,David Sánchez
452,453,Dazz Band
453,454,Death Angel
454,455,Debby Boone
455,456,Debby Boone & Phil Driscoll
456,457,Dee Dee Bridgewater
457,458,Deep Forest
458,459,Deftones
459,460,Del McCoury Band
460,461,Delbert McClinton
461,462,Delbert McClinton & Self-Made Men + Dana
462,463,Deniece Williams
463,464,Destiny's Child
464,465,Deva Premal
465,466,Diamond Rio
466,467,Diana Krall
467,468,Diane Schuur
468,469,"Diane Warren, songwriter (Celine Dion)"
469,470,Dianne Reeves
470,471,Digable Planets
471,472,Dinah Washington
472,473,Dionne Warwick
473,474,"Dionne Warwick, Elton John, Gladys Knight & Stevie Wonder"
474,475,Dire Straits
475,476,Dirk Sobotka
476,477,Dirty Vegas
477,478,Diva Divo
478,479,Dixie Chicks
479,480,Dixie Hummingbirds
480,481,Dizzy Gillespie
481,482,Doc Watson
482,483,Doc Watson & David Holt
483,484,Doc Watson & Merle Watson
484,485,Dolly Parton
485,486,"Dolly Parton, Linda Ronstadt & Emmylou Harris"
486,487,Domenico Modugno
487,488,Don Henley
488,489,Don Was
489,490,Don't Fence Me In
490,491,Donald Lawrence Presents The Tri -City Singers
491,492,Donna Fargo
492,493,Donna Summer
493,494,Donna Summer & Giorgio Moroder
494,495,Donnie McClurkin
495,496,Donnie McClurkin Featuring Karen Clark Sheard
496,497,Donny Hathaway & Roberta Flack
497,498,Dottie Rambo
498,499,Dottie West
499,500,Doyle Lawson & Quicksilver
500,501,Dr. Dre
501,502,Dr. Dre Featuring Eminem
502,503,Dr. John
503,504,Dr. John & Rickie Lee Jones
504,505,Dr. John And The Lower 911
505,506,Draco Rosa
506,507,Drake
507,508,Dreamville
508,509,"Dreamville Featuring J.I.D, Bas, J. Cole, EARTHGANG & Young Nudy"
509,510,Dua Lipa
510,511,Dudley Moore & Peter Cook
511,512,Duffy
512,513,Duke Ellington
513,514,Duran Duran
514,515,"Dutilleux: Violin Concerto, L'Arbre Des Songes"
515,516,Dwight Yoakam
516,517,Eagles
517,518,"Earl Scruggs, Glen Duncan, Randy Scruggs, Steve Martin, Vince Gill, Marty Stuart, Gary Scruggs, Albert Lee, Paul Shaffer, Jerry Douglas & Leon Russell"
518,519,"Earth, Wind & Fire"
519,520,Eartha
520,521,"Earvin ""Magic"" Johnson & Robert O'Keefe"
521,522,Ed Sheeran
522,523,Eddie Blazonczyk's Versatones
523,524,Eddie Murphy
524,525,Eddie Palmieri
525,526,Edward R. Murrow
526,527,Edwin Hawkins & The Edwin Hawkins Singers
527,528,Edwin Hawkins Singers
528,529,El Chapo
529,530,El Güero Y Su Banda Centanario
530,531,Elaine Martone
531,532,Eliane Elias
532,533,Elizabeth Cotten
533,534,Ella Fitzgerald
534,535,Ella Mai
535,536,Ellen DeGeneres
536,537,Elsewhere
537,538,Elton John
538,539,Elvis Costello & Burt Bacharach
539,540,Elvis Costello & The Imposters
540,541,Elvis Crespo
541,542,Elvis Presley
542,543,Emilio Navaira
543,544,Eminem
544,545,Eminem Featuring Rihanna
545,546,"Eminem, Dr. Dre & 50 Cent"
546,547,Emmylou Harris
547,548,Emmylou Harris & Rodney Crowell
548,549,Emmylou Harris & Roy Orbison
549,550,Emmylou Harris & The Nash Ramblers
550,551,"Emmylou Harris, Linda Ronstadt & Dolly Parton"
551,552,Emotions
552,553,Enrique Iglesias
553,554,Enya
554,555,Eric Alexandrakis
555,556,Eric Church
556,557,Eric Clapton
557,558,Eric Johnson
558,559,Eric Tingstad & Nancy Rumbel
559,560,Erica Campbell
560,561,Ernie Watts
561,562,Erykah Badu
562,563,Esperanza Spalding
563,564,Estelle Featuring Kanye West
564,565,Etta James
565,566,Eumir Deodato
566,567,Evanescence
567,568,Evanescence Featuring Paul McCoy
568,569,Eve Featuring Gwen Stefani
569,570,Everett M. Dirksen
570,571,Eydie Gorme
571,572,Eydie Gorme & Steve Lawrence
572,573,FKA twigs
573,574,Faith Hill
574,575,Faith Hill & Tim McGraw
575,576,Fantasia
576,577,Fantastic Negrito
577,578,Fatboy Slim Featuring Bootsy Collins
578,579,Fingerprints
579,580,Finneas
580,581,Fiona Apple
581,582,Flaco Jimenez
582,583,Flatt And Scruggs
583,584,Fleetwood Mac
584,585,Flight Of The Conchords
585,586,Flip Wilson
586,587,Flor De Toloache
587,588,Flume
588,589,Foo Fighters
589,590,For King & Country
590,591,Frank Foster
591,592,Frank Ocean
592,593,Frank Sinatra
593,594,Frank Sinatra And Original Cast
594,595,Frank Solivan & Dirty Kitchen
595,596,Frank Yankovic
596,597,Frank Zappa
597,598,Fred Hammond
598,599,Freddie Hubbard
599,600,Freddy Fender
600,601,Fugees
601,602,Fun.
602,603,Gaither Vocal Band
603,604,Gale Garnett
604,605,Garrison Keillor
605,606,Garth Brooks
606,607,Gary Burton & Chick Corea
607,608,"Gary Burton, Chick Corea, Pat Metheny, Roy Haynes & Dave Holland"
608,609,Gary Clark Jr.
609,610,Gary S. Paxton
610,611,Gene Moore
611,612,Genesis
612,613,George Benson
613,614,George Benson & Al Jarreau Featuring Jill Scott
614,615,George Benson (& Al Jarreau)
615,616,George Beverly Shea And The Anita Kerr Singers
616,617,George Burns
617,618,George Carlin
618,619,George Harrison
619,620,"George Harrison, Ravi Shankar, Bob Dylan, Leon Russell, Ringo Starr, Billy Preston, Eric Clapton & Klaus Voormann"
620,621,George Jones
621,622,George Michael
622,623,George Strait
623,624,George Winston
624,625,Georgia Anne Muldrow
625,626,Gerald Levert
626,627,Gerry Mulligan
627,628,Ghost
628,629,Gil Evans & The Monday Night Orchestra
629,630,Gilberto Gil
630,631,Gilberto Santa Rosa
631,632,Gilda Radner
632,633,Gilley's Urban Cowboy Band
633,634,Gipsy Kings
634,635,Gladys Knight
635,636,Gladys Knight & The Pips
636,637,"Glen Ballard & Alan Silvestri, songwriters (Josh Groban)"
637,638,Glen Campbell
638,639,Gloria Estefan
639,640,Gloria Gaynor
640,641,Gnarls Barkley
641,642,Gordon Goodwin's Big Phat Band
642,643,Gorillaz Featuring De La Soul
643,644,Gotye
644,645,Gotye Featuring Kimbra
645,646,Green Day
646,647,Greg Kurstin
647,648,Gregory Alan Isakov
648,649,Gregory Porter
649,650,Greta Van Fleet
650,651,Gretchen Wilson
651,652,Grover Mitchell
652,653,"Grover Washington, Jr."
653,654,Grupo Fantasma
654,655,Grupo Mania
655,656,"Gulzar, A.R. Rahman & Tanvi Shah, songwriters (A.R. Rahman, Sukhvinder Singh, Tanvi Shah, Mahalaxmi Iyer & Vijay Prakash)"
656,657,Guy Clark
657,658,H.E.R.
658,659,H.E.R. Featuring Bryson Tiller
659,660,H.E.R. Featuring Daniel Caesar
660,661,Halestorm
661,662,"Hank Williams, Jr., & Hank Williams, Sr."
662,663,"Hargus ""Pig"" Robbins"
663,664,Harold Faltermeyer & Steve Stevens
664,665,Harry Belafonte
665,666,Harry Belafonte & Miriam Makeba
666,667,"Harry Connick, Jr."
667,668,Harry Nilsson
668,669,Hatari
669,670,Heather Headley
670,671,"Helen Hayes, Orson Welles, Henry Fonda & James Earl Jones"
671,672,Helen Reddy
672,673,"Henry James Townsend, Joe Willie ""Pinetop"" Perkins, Robert Lockwood, Jr. & David ""Honeyboy"" Edwards"
673,674,Henry Mancini
674,675,Henry Rollins
675,676,Herb Alpert
676,677,Herb Alpert And The Tijuana Brass
677,678,Herbie Hancock
678,679,"Herbie Hancock, Michael Brecker & Roy Hargrove"
679,680,"Herbie Hancock, Pink, India.Arie, Seal, Konono No 1, Jeff Beck & Oumou Sangare"
680,681,Higdon: Harp Concerto
681,682,High On Fire
682,683,Hillary Rodham Clinton
683,684,Hillary Scott & The Scott Family
684,685,Homer And Jethro
685,686,Hootie & The Blowfish
686,687,Hot House
687,688,"Howard Ashman & Alan Menken, songwriters (Celine Dion & Peabo Bryson)"
688,689,"Howard Ashman & Alan Menken, songwriters (Various Artists)"
689,690,Huey Lewis & The News
690,691,Hugh Jackman (& Various Artists)
691,692,I Prevail
692,693,I Remember You
693,694,I'm With Her
694,695,Ibrahim Ferrer
695,696,Ike & Tina Turner
696,697,Ike Turner
697,698,Imagine Dragons
698,699,Impressions
699,700,In Walked Wayne
700,701,India.Arie
701,702,India.Arie & Dobet Gnahore
702,703,Indigo Girls
703,704,Inner Circle
704,705,Intocable
705,706,Irakere
706,707,Irene Cara
707,708,Irma Thomas
708,709,Iron Maiden
709,710,Isaac Hayes
710,711,Isley Brothers
711,712,Israel & New Breed
712,713,Israel & NewBreed
713,714,Israel And New Breed
714,715,Israel Houghton
715,716,"Israel López ""Cachao"""
716,717,I’m So Lonesome I Could Cry
717,718,J Balvin & Bad Bunny
718,719,J. Cole
719,720,J.S. Ondara
720,721,JJ Cale & Eric Clapton
721,722,Jack Antonoff
722,723,Jack DeJohnette
723,724,Jack Jones
724,725,Jack White
725,726,Jaguares
726,727,Jake Hess
727,728,James Anthony Carmichael & Lionel Richie
728,729,James Blake
729,730,James Brown
730,731,James Cleveland
731,732,James Cleveland & The Charles Fold Singers
732,733,James Cleveland & The Southern California Community Choir
733,734,James Cotton
734,735,James Ginsburg
735,736,"James Horner & Will Jennings, songwriters (Celine Dion)"
736,737,"James Horner, Barry Mann & Cynthia Weil, songwriters (Linda Ronstadt & James Ingram)"
737,738,James Ingram
738,739,James Ingram & Michael McDonald
739,740,James Mallinson
740,741,James Moody
741,742,James Taylor
742,743,James Taylor & Alison Krauss
743,744,James Whitmore
744,745,Jamie Foxx & T-Pain
745,746,Jamiroquai
746,747,Jan Hammer
747,748,Janet Jackson
748,749,Janis Ian
749,750,Jars Of Clay
750,751,Jason Crabb
751,752,Jason Isbell
752,753,Jason Isbell And The 400 Unit
753,754,Jason Mraz
754,755,Jason Mraz & Colbie Caillat
755,756,Jay Z Featuring Justin Timberlake
756,757,Jay-Z
757,758,Jay-Z & Alicia Keys
758,759,Jay-Z & Kanye West
759,760,Jay-Z & Kanye West Featuring Frank Ocean & The-Dream
760,761,Jay-Z & Swizz Beatz
761,762,Jay-Z & T.I. Featuring Kanye West & Lil Wayne
762,763,Jay-Z Featuring Linkin Park
763,764,"Jay-Z, Rihanna & Kanye West"
764,765,Jazz At Lincoln Center Orchestra With Wynton Marsalis Featuring Rubén Blades
765,766,Jazzmeia Horn
766,767,Jeannie C. Riley
767,768,Jeannie Seely
768,769,Jeff Beck
769,770,"Jeff Beck, Terry Bozzio & Tony Hymas"
770,771,Jeff Bhasker
771,772,Jeff Lorber Fusion
772,773,Jennifer Gasoi
773,774,Jennifer Holliday
774,775,Jennifer Hudson
775,776,Jennifer Warnes & Bill Medley
776,777,Jerry Reed
777,778,Jerry Reed & Chet Atkins
778,779,Jesse & Joy
779,780,Jesse Jackson
780,781,Jessie Reyez
781,782,Jethro Tull
782,783,Jill Scott
783,784,Jim Dale
784,785,Jim Gaffigan
785,786,Jim Lauderdale
786,787,"Jim Lauderdale, Ralph Stanley & The Clinch Mountain Boys"
787,788,Jimmie Vaughan
788,789,"Jimmie Vaughan, Eric Clapton, Bonnie Raitt, Robert Cray, B.B. King, Buddy Guy, Dr. John & Art Neville"
789,790,Jimmy Carter
790,791,Jimmy Cliff
791,792,Jimmy Dean
792,793,Jimmy Fallon
793,794,Jimmy Gonzalez y El Grupo Mazz
794,795,Jimmy Jam & Terry Lewis
795,796,Jimmy Page & Robert Plant
796,797,Jimmy Sturr
797,798,Jimmy Sturr & His Orchestra
798,799,Jimmy Sturr And His Orchestra
799,800,Jo-EL Sonnier
800,801,Joan Rivers
801,802,Joan Sebastian
802,803,Joan Sebástian
803,804,Joanna Nickrenz
804,805,Joaquin Phoenix & Various Artists
805,806,Jobim
806,807,Jody Miller
807,808,Jody Watley
808,809,Joe Cocker & Jennifer Warnes
809,810,Joe Harnell
810,811,Joe Henderson
811,812,Joe Henderson Big Band
812,813,Joe Jackson
813,814,Joe Lovano
814,815,"Joe Pass, Oscar Peterson & Niels Pedersen"
815,816,Joe Simon
816,817,Joe Williams
817,818,Joe Zawinul & The Zawinul Syndicate
818,819,Joey DeFrancesco
819,820,Joey+Rory
820,821,John Barry & Bob Wilber
821,822,John Cougar Mellencamp
822,823,John Daversa Big Band Featuring DACA Artists
823,824,John Denver
824,825,"John Flansburgh & John Linnell, songwriters (They Might Be Giants)"
825,826,John Fogerty
826,827,John Gielgud
827,828,"John Hammond, Stevie Ray Vaughan & Double Trouble, Sugar Blue, Koko Taylor & The Blues Machine, Luther ""Guitar Junior"" Johnson, J.B. Hutto & The New Hawks"
828,829,John Hartford
829,830,John Hill
830,831,John Lee Hooker
831,832,John Lee Hooker & Van Morrison
832,833,John Legend
833,834,John Legend & The Roots
834,835,John Lennon & Yoko Ono
835,836,John Mayer
836,837,John Prine
837,838,John Scofield
838,839,John Shanks
839,840,John Waters
840,841,John Williams
841,842,Johnny Cash
842,843,Johnny Cash & June Carter
843,844,Johnny Cash And June Carter
844,845,"Johnny Cash, Carl Perkins, Jerry Lee Lewis, Roy Orbison, Sam Phillips, Rick Nelson & Chips Moman"
845,846,Johnny Horton
846,847,Johnny Mann Singers
847,848,Johnny Whitehorse
848,849,Johnny Winter
849,850,Jon Cleary
850,851,Jon Samson
851,852,Jon Secada
852,853,"Jon Stewart (With  Samantha Bee, Wyatt Cenac, Jason Jones, John Oliver & Sigourney Weaver)"
853,854,Jon Stewart And The Cast Of The Daily Show
854,855,Jonah Jones
855,856,Jonas Brothers
856,857,Jonathan & Darlene Edwards (Jo Stafford And Paul Weston)
857,858,Jonathan Winters
858,859,Joni Mitchell
859,860,Jonny Lang
860,861,Jontavious Willis
861,862,Jose Feliciano
862,863,Jose Lugo & Guasábara Combo
863,864,Joseph Habedank
864,865,Joshua Redman Quartet
865,866,Joss Favela
866,867,José Feliciano
867,868,Joy Williams
868,869,João Gilberto
869,870,Juan Luis Guerra
870,871,Juan Luis Guerra 4.40
871,872,Juanes
872,873,Judas Priest
873,874,Judith Sherman
874,875,Judy Collins
875,876,Judy Garland
876,877,Juice Newton
877,878,Julian Marley
878,879,Julie Andrews & Emma Walton Hamilton
879,880,"Julie Andrews, Dick Van Dyke"
880,881,Julie Harris
881,882,Julieta Venegas
882,883,Julio Iglesias
883,884,June Carter Cash
884,885,Justice
885,886,Justin Timberlake
886,887,Justin Timberlake & Timbaland
887,888,Justin Timberlake Featuring Jay Z
888,889,Justin Timberlake Featuring T.I.
889,890,K.T. Oslin
890,891,Kacey Musgraves
891,892,Kalani Pe'a
892,893,Kanye West
893,894,"Kanye West, Rihanna, Kid Cudi & Fergie"
894,895,Karen O & Danger Mouse
895,896,Karl Bohm & Hermione Gingold
896,897,Kathy Griffin
897,898,Kathy Mattea
898,899,Keb' Mo'
899,900,"Keely Smith, Louis Prima"
900,901,Keith Urban
901,902,Kelly Clarkson
902,903,Ken Burns
903,904,Kendrick Lamar
904,905,"Kendrick Lamar Featuring Bilal, Anna Wise & Thundercat"
905,906,Kendrick Lamar Featuring Rihanna
906,907,"Kendrick Lamar, Jay Rock, Future & James Blake"
907,908,Kenny Loggins
908,909,Kenny Rogers
909,910,Kernis: Violin Concerto
910,911,Khalid
911,912,Killswitch Engage
912,913,Kim Carnes
913,914,King Curtis
914,915,Kings Of Leon
915,916,Kirk Franklin
916,917,Kirk Franklin & The Family
917,918,Kitaro
918,919,Koffee
919,920,Korn
920,921,Kraftwerk
921,922,Kris Kristofferson & Rita Coolidge
922,923,"Kristen Anderson-Lopez & Robert Lopez, songwriters (Idina Menzel)"
923,924,Kurt Elling
924,925,Kurtág & Ligeti: Music For Viola
925,926,Kylie Minogue
926,927,LCD Soundsystem
927,928,LL Cool J
928,929,La Energia Norteña
929,930,La Ley
930,931,La Mafia
931,932,La Quinta Estación
932,933,La Roux
933,934,La Santa Cecilia
934,935,Lady Antebellum
935,936,Lady Gaga
936,937,Lady Gaga & Bradley Cooper
937,938,Ladysmith Black Mambazo
938,939,Lalah Hathaway
939,940,"Lambert, Hendricks And Ross"
940,941,Lana Del Rey
941,942,Lani Hall
942,943,Larkin Poe
943,944,Larnelle Harris
944,945,Larry Butler
945,946,Larry Carlton
946,947,Larry Carlton & Mike Post
947,948,Larry Carlton & Steve Lukather
948,949,Larry Carlton & Tak Matsumoto
949,950,Larry Hart
950,951,Laura Pausini
951,952,Laura Sullivan
952,953,Lauren Daigle
953,954,Laurindo Almeida
954,955,Lauryn Hill
955,956,Le'Andria Johnson
956,957,LeAnn Rimes
957,958,LeVar Burton
958,959,Lecrae
959,960,Led Zeppelin
960,961,"Lee ""Scratch"" Perry"
961,962,Lee Greenwood
962,963,Lena Horne
963,964,Lenny Kravitz
964,965,Leon Bridges
965,966,Leonard Bernstein
966,967,Leonard Cohen
967,968,Les Crane
968,969,Les Paul
969,970,Les Paul & Friends
970,971,Lettuce
971,972,Levon Helm
972,973,Lewis Black
973,974,Lil Baby & Gunna
974,975,Lil Nas X
975,976,Lil Nas X & Billy Ray Cyrus
976,977,Lil Nas X Featuring Billy Ray Cyrus
977,978,Lil Wayne
978,979,Lila Downs
979,980,Lily Tomlin
980,981,"Lin-Manuel Miranda, songwriter (Auli'i Cravalho)"
981,982,Linda Ronstadt
982,983,Linda Ronstadt & Aaron Neville
983,984,Linkin Park
984,985,Lionel Richie
985,986,Lisa Fischer
986,987,Lisa Loeb
987,988,Little Big Town
988,989,Little Joe
989,990,Little Joe & La Familia
990,991,Little Joe Y La Familia
991,992,Living Colour
992,993,Lizzo
993,994,Lizzo Featuring Gucci Mane
994,995,"Lonnie Lynn, Che Smith & John Stephens, songwriters (Common & John Legend)"
995,996,Lorde
996,997,Loretta Lynn
997,998,Loretta Lynn & Jack White
998,999,Los Angeles Guitar Quartet
999,1000,Los Fabulosos Cadillacs
1000,1001,Los Lobos
1001,1002,Los Lonely Boys
1002,1003,Los Palominos
1003,1004,Los Super Seven
1004,1005,Los Texmaniacs
1005,1006,Los Tigres Del Norte
1006,1007,Los Van Van
1007,1008,Lost Bayou Ramblers
1008,1009,Lou Rawls
1009,1010,Lou Reed
1010,1011,Loudon Wainwright III
1011,1012,Louis Armstrong
1012,1013,Louis C.K.
1013,1014,"Lucas Richman, Various Artists & The Royal Philharmonic Orchestra"
1014,1015,Lucinda Williams
1015,1016,Lucky Daye
1016,1017,Lucy Kalantari & The Jazz Cats
1017,1018,Ludacris
1018,1019,Luis Enrique
1019,1020,Luis Enrique + C4 Trio
1020,1021,Luis Fonsi
1021,1022,Luis Miguel
1022,1023,Luis Miguel & Sheena Easton
1023,1024,Lupe Fiasco Featuring Jill Scott
1024,1025,Lupillo Rivera
1025,1026,Lush Life
1026,1027,Luther Vandross
1027,1028,Lyle Lovett
1028,1029,Lynn Anderson
1029,1030,M.C. Hammer
1030,1031,MFSB
1031,1032,Machito
1032,1033,Macklemore & Ryan Lewis
1033,1034,Macklemore & Ryan Lewis Featuring Wanz
1034,1035,Macy Gray
1035,1036,Madison Cunningham
1036,1037,Madonna
1037,1038,"Madonna & William Orbit, songwriters (Madonna)"
1038,1039,Maggie Rogers
1039,1040,Mahalia Jackson
1040,1041,Maluma
1041,1042,Mamadou Diabate
1042,1043,Mamas And The Papas
1043,1044,Mandisa
1044,1045,Manfred Eicher
1045,1046,Manhattans
1046,1047,Maná
1047,1048,Marc Anthony
1048,1049,Marc Aubort & Joanna Nickrenz
1049,1050,Marc Cohn
1050,1051,Marcus Miller
1051,1052,Maren Morris
1052,1053,Maren Morris Featuring Brandi Carlile
1053,1054,Maria Schneider Orchestra
1054,1055,Mariachi Divas
1055,1056,Mariachi Divas De Cindy Shea
1056,1057,Mariachi Los Camperos
1057,1058,Mariachi Los Camperos de Nati Cano
1058,1059,Mariah Carey
1059,1060,"Marilyn McCoo & Billy Davis, Jr."
1060,1061,"Marina A. Ledin, Victor Ledin"
1061,1062,Mark Guiliana
1062,1063,Mark Isham
1063,1064,Mark O'Connor
1064,1065,Mark Ronson
1065,1066,Mark Ronson Featuring Bruno Mars
1066,1067,Marlow Rosado Y La Riqueña
1067,1068,Maroon 5
1068,1069,Marsalis: Violin Concerto; Fiddle Dance Suite
1069,1070,Martin Luther King Jr.
1070,1071,Marty Robbins
1071,1072,Marty Stuart
1072,1073,Marvin Gaye
1073,1074,Marvin Hamlisch
1074,1075,Marvin Miller
1075,1076,Marvin Winans
1076,1077,Mary Chapin Carpenter
1077,1078,Mary J. Blige
1078,1079,Mary Mary
1079,1080,Mary Youngblood
1080,1081,Mason Williams
1081,1082,Mastodon
1082,1083,Matrix
1083,1084,Matt Redman
1084,1085,Mavis Staples
1085,1086,Max Martin
1086,1087,"Max Martin, Shellback & Justin Timberlake, songwriters (Justin Timberlake, Anna Kendrick, Gwen Stefani, James Corden, Zooey Deschanel, Walt Dohrn, Ron Funches, Caroline Hjelt, Aino Jawo, Christopher Mintz-Plasse & Kunal Nayyar)"
1087,1088,Maxwell
1088,1089,Maya Angelou
1089,1090,McCoy Tyner Big Band
1090,1091,McCoy Tyner Trio & Michael Brecker
1091,1092,"McCoy Tyner With Gary Bartz, Terence Blanchard, Christian McBride & Lewis Nash"
1092,1093,Meat Loaf
1093,1094,Meduza Featuring Goodboys
1094,1095,Meek Mill
1095,1096,Megadeth
1096,1097,Meghan Trainor
1097,1098,Mel Brooks & Carl Reiner
1098,1099,Mel Brooks (Various Artists Including Nathan Lane & Matthew Broderick)
1099,1100,Mel Tormé
1100,1101,Melissa Etheridge
1101,1102,Melissa Manchester
1102,1103,"Melle Mel, Ice-T, Big Daddy Kane, Kool Moe Dee, Quincy Jones & Quincy D. III"
1103,1104,Men At Work
1104,1105,Mercer Ellington
1105,1106,Merle Haggard
1106,1107,Merle Watson & Doc Watson
1107,1108,Metallica
1108,1109,Metallica & Michael Kamen
1109,1110,Method Man Featuring Mary J. Blige
1110,1111,Michael Bolton
1111,1112,Michael Brecker
1112,1113,Michael Brecker Quindectet
1113,1114,Michael Bublé
1114,1115,Michael Cleveland
1115,1116,Michael Fine
1116,1117,Michael Hedges
1117,1118,Michael J. Fox
1118,1119,Michael Jackson
1119,1120,Michael Jackson & Janet Jackson
1120,1121,Michael Jackson & Quincy Jones
1121,1122,Michael Kamen
1122,1123,Michael Nesmith
1123,1124,Michael W. Smith
1124,1125,"Michel Camilo With Charles Flores & Horacio ""El Negro"" Hernandez"
1125,1126,Michel Legrand & Phil Woods
1126,1127,Michelle Obama
1127,1128,Mickey Hart
1128,1129,"Mickey Hart, Zakir Hussain, Sikiru Adepoju & Giovanni Hidalgo"
1129,1130,Mighty Clouds Of Joy
1130,1131,Miguel Zenón
1131,1132,Miho Hazama
1132,1133,Mike Farris
1133,1134,Mike Holober & The Gotham Jazz Orchestra
1134,1135,Mike Nichols And Elaine May
1135,1136,Miles Ahead
1136,1137,Miles Beyond
1137,1138,Miles Davis
1138,1139,Miles Davis & Quincy Jones
1139,1140,Milton Nascimento
1140,1141,Mingus Big Band
1141,1142,Miranda Lambert
1142,1143,"Missy ""Misdemeanor"" Elliott"
1143,1144,Missy Elliott
1144,1145,Missy Elliott Featuring Ciara & Fat Man Scoop
1145,1146,Missy Raines
1146,1147,Mongo Santamaria
1147,1148,Morgan Heritage
1148,1149,Morten Lindberg
1149,1150,Motörhead
1150,1151,Muddy Waters
1151,1152,Mumford & Sons
1152,1153,"Mumford & Sons, Edward Sharpe & The Magnetic Zeros & Old Crow Medicine Show"
1153,1154,Muse
1154,1155,Mustard Featuring Roddy Ricch
1155,1156,My Ship
1156,1157,Mylon LeFevre & Broken Heart
1157,1158,NAO
1158,1159,Nanci Griffith
1159,1160,Nancy Wilson
1160,1161,Narada Michael Walden
1161,1162,Nashville Brass With Danny Davis
1162,1163,"Nat ""King"" Cole"
1163,1164,Natalia Lafourcade
1164,1165,Natalie Cole
1165,1166,"Natalie Cole (& Nat ""King"" Cole)"
1166,1167,"Natalie Cole (With Nat ""King"" Cole)"
1167,1168,Nathalie Joachim With Spektral Quartet
1168,1169,Naughty By Nature
1169,1170,Ne-Yo
1170,1171,Neela Vaswani
1171,1172,Neil Dorfsman
1172,1173,Nelly
1173,1174,Nelly Featuring Kelly Rowland
1174,1175,Nelly Furtado
1175,1176,"Nelly, P. Diddy & Murphy Lee"
1176,1177,Neville Brothers
1177,1178,New Orleans Jazz Orchestra
1178,1179,New Vaudeville Band
1179,1180,Nickel Creek
1180,1181,Nine Inch Nails
1181,1182,Nipsey Hussle Featuring Roddy Ricch & Hit-Boy
1182,1183,Nirvana
1183,1184,Nitty Gritty Dirt Band
1184,1185,Nitty Gritty Dirt Band & Bruce Hornsby
1185,1186,"Nitty Gritty Dirt Band Featuring Earl Scruggs, Randy Scruggs, Vassar Clements & Jerry Douglas"
1186,1187,No Doubt
1187,1188,Norah Jones
1188,1189,Norman Brown
1189,1190,Norman Luboff Choir
1190,1191,Northern Cree
1191,1192,Não Identificado
1192,1193,O'Connor Band With Mark O'Connor
1193,1194,OK Go
1194,1195,Offset Featuring Cardi B
1195,1196,Old Crow Medicine Show
1196,1197,Olga Tañón
1197,1198,Olivia Newton-John
1198,1199,Omar Akram
1199,1200,Opium Moon
1200,1201,Orbits
1201,1202,Original Cast
1202,1203,Orson Welles
1203,1204,Oscar Peterson Trio
1204,1205,Ossie Davis & Ruby Dee
1205,1206,Otis Redding
1206,1207,Otis Rush
1207,1208,OutKast
1208,1209,OutKast Featuring Killer Mike
1209,1210,Ozomatli
1210,1211,Ozzy Osbourne
1211,1212,PJ Morton
1212,1213,PJ Morton Featuring Jazmine Sullivan
1213,1214,PJ Morton Featuring Yebba
1214,1215,Pablo Ziegler Trio
1215,1216,Pacific Mambo Orchestra
1216,1217,Paquito D'Rivera
1217,1218,Paquito D'Rivera And Trio Corrente
1218,1219,Paquito D'Rivera Quintet?
1219,1220,Pat Benatar
1220,1221,Pat Carroll
1221,1222,Pat Metheny
1222,1223,Pat Metheny Group
1223,1224,Pat Metheny Unity Band
1224,1225,Patrick Stewart
1225,1226,Patti Austin
1226,1227,Patti LaBelle
1227,1228,Patti Page
1228,1229,Patton Oswalt
1229,1230,Patty Griffin
1230,1231,Patty Loveless
1231,1232,Paul Avgerinos
1232,1233,Paul Epworth
1233,1234,Paul McCartney
1234,1235,Paul McCartney & Wings
1235,1236,Paul Simon
1236,1237,Paul Winter
1237,1238,Paul Winter & Friends
1238,1239,Paul Winter Consort
1239,1240,Paula Abdul
1240,1241,Paula Cole
1241,1242,Peabo Bryson & Regina Belle
1242,1243,Pearl Jam
1243,1244,Peggy Lee
1244,1245,Pentatonix Featuring Dolly Parton
1245,1246,Pepe Aguilar
1246,1247,Percy Faith & His Orchestra
1247,1248,Percy Faith Orchestra And Chorus
1248,1249,Perry Como
1249,1250,Pete Seeger
1250,1251,Pete Seeger With The Rivertown Kids And Friends
1251,1252,Peter Asher
1252,1253,Peter Frampton
1253,1254,Peter Gabriel
1254,1255,"Peter Gabriel & Thomas Newman, songwriters (Peter Gabriel)"
1255,1256,Peter Kater
1256,1257,Peter Nero
1257,1258,Peter Schickele
1258,1259,"Peter Schickele, narrator; The Chestnut Brass Company"
1259,1260,Peter Tosh
1260,1261,"Peter Ustinov (Herbert von Karajan, cond.)"
1261,1262,"Peter, Paul And Mary"
1262,1263,Petra
1263,1264,Petula Clark
1264,1265,Pharrell Williams
1265,1266,Phil Collins
1266,1267,Phil Collins & Hugh Padgham
1267,1268,"Phil Collins & Lamont Dozier, songwriters (Phil Collins)"
1268,1269,Phil Ramone
1269,1270,Phil Woods
1270,1271,Phil Woods Quartet
1271,1272,Philip Bailey
1272,1273,Phoenix
1273,1274,Pinetop Perkins & Willie 'Big Eyes' Smith
1274,1275,Pink
1275,1276,Pink Floyd
1276,1277,Pistol Annies
1277,1278,Pitbull
1278,1279,Placido Domingo
1279,1280,Play
1280,1281,Poncho Sanchez
1281,1282,Pops Staples
1282,1283,Porter Wagoner & The Blackwood Brothers
1283,1284,Porter Wagoner And The Blackwood Brothers
1284,1285,Porter Wagoner And The Blackwood Brothers Quartet
1285,1286,Portugal. The Man
1286,1287,Post Malone & Swae Lee
1287,1288,Poèmes
1288,1289,Prelude To A Kiss
1289,1290,Prince
1290,1291,Prince & The Revolution
1291,1292,Professor Longhair
1292,1293,Puff Daddy & Faith Evans Featuring 112
1293,1294,Puff Daddy & The Family
1294,1295,Punch Brothers
1295,1296,Queen Ida
1296,1297,Queen Latifah
1297,1298,Quetzal
1298,1299,Quincy Jones
1299,1300,Quincy Jones (And Various Artists)
1300,1301,R. Kelly
1301,1302,"R. Kelly, songwriter (R. Kelly)"
1302,1303,R.E.M.
1303,1304,ROSALÍA
1304,1305,Radiohead
1305,1306,Rage Against The Machine
1306,1307,Ralph Stanley
1307,1308,Ramblin' Jack Elliott
1308,1309,Ramsey Lewis
1309,1310,Ramsey Lewis Trio
1310,1311,Ramón Ayala y Sus Bravos Del Norte
1311,1312,Randy Brecker
1312,1313,"Randy Brecker With Michael Brecker, Jim Beard, Will Lee, Peter Erskine, Marcio Doctor & Vince Mendoza conducting The WDR Big Band Köln"
1313,1314,"Randy Brecker, Włodek Pawlik Trio & Kalisz Philharmonic"
1314,1315,"Randy Newman, songwriter (James Taylor)"
1315,1316,"Randy Newman, songwriter (Randy Newman)"
1316,1317,"Randy Newman, songwriter (Sarah McLachlan)"
1317,1318,Randy Scruggs
1318,1319,Randy Scruggs & Vince Gill
1319,1320,Randy Travis
1320,1321,Ranky Tanky
1321,1322,Ravi Shankar
1322,1323,Ray Charles
1323,1324,Ray Charles & Chaka Khan
1324,1325,Ray Charles & Gladys Knight
1325,1326,Ray Charles & Norah Jones
1326,1327,Ray Charles & Various Artists
1327,1328,Ray Conniff Singers
1328,1329,Ray LaMontagne And The Pariah Dogs
1329,1330,"Ray Parker, Jr."
1330,1331,Ray Price
1331,1332,Ray Stevens
1332,1333,Reba McEntire
1333,1334,Reba McEntire & Linda Davis
1334,1335,"Reba Rambo, Dony McGuire, B.J. Thomas, Andrae Crouch, Walter Hawkins, Tramaine Hawkins, Cynthia Clawson, The Archers"
1335,1336,Rebecca St. James
1336,1337,Rebirth Brass Band
1337,1338,Red Hot Chili Peppers
1338,1339,Residente
1339,1340,Rhiannon Giddens with Francesco Turrisi
1340,1341,Rhonda Vincent And The Rage
1341,1342,Rhumbata
1342,1343,Ricardo Montaner
1343,1344,Richard Burton
1344,1345,Richard Harris
1345,1346,Richard Kaufman
1346,1347,Richard Pryor
1347,1348,Rick Rubin
1348,1349,Rick Springfield
1349,1350,Rickie Lee Jones
1350,1351,Ricky Kej & Wouter Kellerman
1351,1352,Ricky Martin
1352,1353,Ricky Reed
1353,1354,Ricky Skaggs
1354,1355,Ricky Skaggs & Kentucky Thunder
1355,1356,Ricky Skaggs & The Whites
1356,1357,Ricky Skaggs And Kentucky Thunder
1357,1358,"Ricky Skaggs, Steve Wariner & Vince Gill"
1358,1359,Riders In The Sky
1359,1360,Rihanna
1360,1361,Rihanna Featuring Calvin Harris
1361,1362,Rihanna Featuring Jay-Z
1362,1363,Rita Moreno & Bill Cosby
1363,1364,Rival Sons
1364,1365,Rob Cavallo
1365,1366,Rob McConnell & The Boss Brass
1366,1367,"Robert Cray, Albert Collins & Johnny Copeland"
1367,1368,Robert Glasper Experiment
1368,1369,Robert Glasper Experiment Featuring Lalah Hathaway & Malcolm-Jamal Warner
1369,1370,Robert Goulet
1370,1371,Robert Guillaume
1371,1372,Robert Palmer
1372,1373,Robert Plant & Alison Krauss
1373,1374,Robert Randolph & The Family Band
1374,1375,Robert Woods
1375,1376,Roberta Flack
1376,1377,Roberto Blades
1377,1378,Roberto Carlos
1378,1379,Robin Williams
1379,1380,Robin Williams & Ry Cooder
1380,1381,Rockin' Sidney
1381,1382,Rod McKuen
1382,1383,Rod Stewart
1383,1384,Rodney Dangerfield
1384,1385,Rodrigo y Gabriela
1385,1386,Roger Miller
1386,1387,"Ron Carter, Herbie Hancock, Wallace Roney, Wayne Shorter & Tony Williams"
1387,1388,Ronnie Milsap
1388,1389,Ronnie Milsap & Kenny Rogers
1389,1390,Rosanne Cash
1390,1391,Roy Clark
1391,1392,Roy Hargrove's Crisol
1392,1393,Roy Orbison
1393,1394,Roy Orbison & k.d. lang
1394,1395,Ruben Ramos & The Mexican Revolution
1395,1396,Rubén Blades
1396,1397,Rubén Blades Con Roberto Delgado & Orquesta
1397,1398,Rufus
1398,1399,Rufus & Chaka Khan
1399,1400,Russ Taff
1400,1401,Ruth Brown
1401,1402,Ry Cooder
1402,1403,Ry Cooder & Manuel Galbán
1403,1404,Ry Cooder & V.M. Bhatt
1404,1405,"Ryan Bingham & T Bone Burnett, songwriters (Ryan Bingham)"
1405,1406,RÜFÜS DU SOL
1406,1407,Sade
1407,1408,Salt-N-Pepa
1408,1409,Sam And Dave
1409,1410,Sam Kinison
1410,1411,Sam Smith
1411,1412,Sammi Smith
1412,1413,Sandi Patti
1413,1414,Sandi Patti & Deniece Williams
1414,1415,Sandi Patti & Larnelle Harris
1415,1416,Sandra Crouch
1416,1417,Santana
1417,1418,Santana & Michelle Branch
1418,1419,Santana Featuring Eric Clapton
1419,1420,Santana Featuring Everlast
1420,1421,Santana Featuring Rob Thomas
1421,1422,Sara Bareilles
1422,1423,Sara Gazarek
1423,1424,Sarah Jarosz
1424,1425,Sarah McLachlan
1425,1426,Sarah Vaughan
1426,1427,Schwantner: Concerto For Percussion & Orchestra
1427,1428,Seal
1428,1429,Sean Paul
1429,1430,Sebastian Plano
1430,1431,Sebastian Yatra
1431,1432,Secret Agent 23 Skidoo
1432,1433,Sekou Andrews (& The String Theory)
1433,1434,Selena
1434,1435,Senator Barack Obama
1435,1436,Sergio Mendes
1436,1437,Shabba Ranks
1437,1438,Shadowfax
1438,1439,Shaggy
1439,1440,Shakira
1440,1441,Shania Twain
1441,1442,Shawn Colvin
1442,1443,Shawn Mendes & Camila Cabello
1443,1444,Sheena Easton
1444,1445,Shel Silverstein
1445,1446,Shelby Lynne
1446,1447,Shelley Berman
1447,1448,Shenandoah & Alison Krauss
1448,1449,Sheryl Crow
1449,1450,Shirley Caesar
1450,1451,Shirley Caesar & Al Green
1451,1452,Shirley Horn
1452,1453,Si Zentner
1453,1454,Sidney Poitier
1454,1455,"Siedah Garrett & Henry Krieger, songwriters (Jennifer Hudson)"
1455,1456,Sightseeing
1456,1457,Silk City & Dua Lipa Featuring Diplo & Mark Ronson
1457,1458,Silver Convention
1458,1459,Simon And Garfunkel
1459,1460,Sinéad O'Connor
1460,1461,Sir Mix-A-Lot
1461,1462,Skrillex
1462,1463,Skrillex And Diplo
1463,1464,Skrillex And Diplo With Justin Bieber
1464,1465,Skrillex Featuring Sirah
1465,1466,"Skrillex, Boys Noize & Ty Dolla $ign"
1466,1467,Slayer
1467,1468,Slipknot
1468,1469,Sly & Robbie & Roots Radics
1469,1470,Sly And Robbie
1470,1471,Smokey Robinson
1471,1472,Smokie Norful
1472,1473,Snarky Puppy
1473,1474,Snarky Puppy & Metropole Orkest
1474,1475,Snarky Puppy With Lalah Hathaway
1475,1476,Soeur Sourire
1476,1477,Solange
1477,1478,Solido
1478,1479,Solomon Burke
1479,1480,Some Skunk Funk
1480,1481,Sonny Rollins
1481,1482,Soul II Soul
1482,1483,Soul II Soul Featuring Caron Wheeler
1483,1484,Soundgarden
1484,1485,Southern Avenue
1485,1486,Soweto Gospel Choir
1486,1487,Sozinho
1487,1488,Spanish Harlem Orchestra
1488,1489,Spanish Harlem Orchestra Featuring Rubén Blades
1489,1490,Speak Like A Child
1490,1491,St. Vincent
1491,1492,Stan Freberg
1492,1493,Stan Freberg Presents The United States Of America
1493,1494,Stan Getz
1494,1495,Stan Getz & Astrud Gilberto
1495,1496,Stan Getz & João Gilberto
1496,1497,Stan Kenton
1497,1498,Stardust
1498,1499,Starland Vocal Band
1499,1500,Steel Pulse
1500,1501,Steely Dan
1501,1502,Steep Canyon Rangers
1502,1503,Stephanie Mills
1503,1504,Stephen Colbert
1504,1505,Stephen Marley
1505,1506,"Sterling Holloway, Sebastian Cabot & Paul Winchell"
1506,1507,Steve Earle
1507,1508,Steve Gadd Band
1508,1509,Steve Goodman
1509,1510,Steve Lacy
1510,1511,Steve Lillywhite
1511,1512,Steve Mandell & Eric Weissberg
1512,1513,Steve Martin
1513,1514,Steve Vai
1514,1515,Steve Wariner
1515,1516,Steve Winwood
1516,1517,Steven Curtis Chapman
1517,1518,Steven Epstein
1518,1519,Stevie Ray Vaughan & Double Trouble
1519,1520,Stevie Wonder
1520,1521,Stevie Wonder & Take 6
1521,1522,Sting
1522,1523,Sting & Mary J. Blige
1523,1524,Sting & Shaggy
1524,1525,Stone Temple Pilots
1525,1526,Stravinsky: L' Histoire Du Soldat (The Soldier's Tale - Suite) - (also) - Walton: Façade (An Instrumental Suite In The Original Scoring)
1526,1527,Sturgill Simpson
1527,1528,Sugaray Rayford
1528,1529,Sugarland
1529,1530,Supersax
1530,1531,Survivor
1531,1532,Switchfoot
1532,1533,System Of A Down
1533,1534,T Bone Burnett
1534,1535,"T Bone Burnett, Taylor Swift, John Paul White & Joy Williams, songwriters (Taylor Swift Featuring The Civil Wars)"
1535,1536,T-Bone Walker
1536,1537,T.I.
1537,1538,TLC
1538,1539,Taj Mahal
1539,1540,Taj Mahal & Keb' Mo'
1540,1541,Taj Mahal & The Phantom Blues Band
1541,1542,Take 6
1542,1543,Tammy Wynette
1543,1544,Tank And The Bangas
1544,1545,Tanya Goodman
1545,1546,Tanya Tucker
1546,1547,Taron Egerton
1547,1548,Tasha Cobbs
1548,1549,Taylor Swift
1549,1550,Taylor Swift Featuring Kendrick Lamar
1550,1551,Ted Nash Big Band
1551,1552,Tedeschi Trucks Band
1552,1553,Tenacious D
1553,1554,Tennessee Ernie Ford
1554,1555,Terence Blanchard
1555,1556,Terence Trent D'arby
1556,1557,Terrance Simien & The Zydeco Experience
1557,1558,Terraza Big Band
1558,1559,Terri Lyne Carrington
1559,1560,Terri Lyne Carrington & Various Artists
1560,1561,Texas Tornados
1561,1562,Thad Jones & Mel Lewis
1562,1563,"Thalma de Freitas With Vitor Gonçalves, John Patitucci, Chico Pinheiro, Rogerio Boccato & Duduka Da Fonseca"
1563,1564,That Was The Week That Was (Cast)
1564,1565,The Allman Brothers Band
1565,1566,The Art Of Noise Featuring Duane Eddy
1566,1567,The Band Perry
1567,1568,The Beatles
1568,1569,The Berlin Recital
1569,1570,The Bill Gaither Trio
1570,1571,The Black Eyed Peas
1571,1572,The Black Keys
1572,1573,The Blind Boys Of Alabama
1573,1574,The Bob Florence Limited Edition
1574,1575,The Brian Lynch/Eddie Palmieri Project
1575,1576,The Brian Setzer Orchestra
1576,1577,The Carters
1577,1578,The Chainsmokers Featuring Daya
1578,1579,The Champs
1579,1580,The Charlie Daniels Band
1580,1581,The Chemical Brothers
1581,1582,The Chemical Brothers Featuring Q-Tip
1582,1583,The Chieftains
1583,1584,The Chieftains & Van Morrison
1584,1585,"The Civil War, Vol. I"
1585,1586,The Civil Wars
1586,1587,The Clare Fischer Latin Jazz Big Band
1587,1588,The Clark Sisters
1588,1589,The Clash
1589,1590,The Cranberries
1590,1591,The Del McCoury Band
1591,1592,The Delfonics
1592,1593,The Derek Trucks Band
1593,1594,The Doobie Brothers
1594,1595,The Earls Of Leicester
1595,1596,The Eurythmics
1596,1597,The Fairfield Four
1597,1598,The Flaming Lips
1598,1599,The Funk Brothers & (Various Artists)
1599,1600,The Gaither Vocal Band
1600,1601,"The Girl With Orange Lips (Falla, Ravel, etc.)"
1601,1602,The Happy Goodman Family
1602,1603,The Imperials
1603,1604,The Infamous Stringdusters
1604,1605,"The Jordanaires, Larry Ford & The Light Crust Doughboys"
1605,1606,The Judds
1606,1607,The Kendalls
1607,1608,The Kentucky Headhunters
1608,1609,The King's Singers
1609,1610,The Kingston Trio
1610,1611,The Klezmatics
1611,1612,The Legends
1612,1613,The Manhattan Transfer
1613,1614,The Mars Volta
1614,1615,The Masters V
1615,1616,The Mavericks
1616,1617,The Monks Of Sherab Ling Monastery
1617,1618,The Muppets
1618,1619,The Nashville Bluegrass Band
1619,1620,The National
1620,1621,The Neptunes
1621,1622,The New Christy Minstrels
1622,1623,The New South
1623,1624,The Oak Ridge Boys
1624,1625,The Okee Dokee Brothers
1625,1626,The Orchestral Organ
1626,1627,The Oscar Peterson Trio
1627,1628,The Phil Woods Quartet
1628,1629,The Pointer Sisters
1629,1630,The Police
1630,1631,The Po’ Ramblin’ Boys
1631,1632,The Robert Cray Band
1632,1633,The Rolling Stones
1633,1634,The Roots Featuring Erykah Badu
1634,1635,The Smashing Pumpkins
1635,1636,The Stanley Clarke Band
1636,1637,The Statler Brothers
1637,1638,The Steeldrivers
1638,1639,The Temptations
1639,1640,The Temptations & Paul Riser
1640,1641,The Tonight Show Band With Doc Severinsen
1641,1642,The Tony Rich Project
1642,1643,The Travelin' McCourys
1643,1644,The Vanguard Jazz Orchestra
1644,1645,The Wallflowers
1645,1646,The War On Drugs
1646,1647,The Wayne Shorter Quartet
1647,1648,The Weeknd
1648,1649,The White Stripes
1649,1650,The Winans
1650,1651,The Windup
1651,1652,Thelma Houston
1652,1653,Them Crooked Vultures
1653,1654,Theo Croker
1654,1655,They Might Be Giants
1655,1656,Third Day
1656,1657,Third World
1657,1658,Thom Bell
1658,1659,Thom Yorke
1659,1660,Thomas Frost
1660,1661,Thomas Rhett
1661,1662,Tia Carrere
1662,1663,Tia Carrere & Daniel Ho
1663,1664,Tierney Sutton Band
1664,1665,Tim Handley
1665,1666,Tim Kubart
1666,1667,Tim McGraw
1667,1668,Tim Menzies
1668,1669,Tim O'Brien
1669,1670,Tina Turner
1670,1671,Tinariwen
1671,1672,Tito Puente
1672,1673,Tito Puente & Eddie Palmieri
1673,1674,Tito Puente & His Latin Ensemble
1674,1675,TobyMac
1675,1676,Tobymac
1676,1677,Tom Chapin
1677,1678,Tom Jones
1678,1679,Tom Petty
1679,1680,Tom Petty & The Heartbreakers
1680,1681,Tom Scott (GRP All-Star Big Band)
1681,1682,Tom Waits
1682,1683,Tomorrow Is The Question
1683,1684,Toni Braxton
1684,1685,Toni Braxton & Babyface
1685,1686,Tony Bennett
1686,1687,Tony Bennett & Amy Winehouse
1687,1688,Tony Bennett & Bill Charlap
1688,1689,Tony Bennett & Lady Gaga
1689,1690,Tony Bennett & Stevie Wonder
1690,1691,Tony Bennett & Various Artists
1691,1692,Tony Bennett & k.d. lang
1692,1693,Tool
1693,1694,Toots & The Maytals
1694,1695,Tori Kelly
1695,1696,"Torke: Sky, Concerto For Violin"
1696,1697,Toto
1697,1698,Tove Lo
1698,1699,Tracy Chapman
1699,1700,Train
1700,1701,Tramaine Hawkins
1701,1702,Transcendental
1702,1703,Traveling Wilburys
1703,1704,Travis Tritt & Marty Stuart
1704,1705,Trevor Noah
1705,1706,Trisha Yearwood
1706,1707,Trisha Yearwood & Garth Brooks
1707,1708,Turtle Island Quartet
1708,1709,Turtle Island String Quartet With Ying Quartet
1709,1710,Twenty One Pilots
1710,1711,Tycho Featuring Saint Sinner
1711,1712,Tye Tribbett
1712,1713,Tyler Childers
1713,1714,"Tyler, The Creator"
1714,1715,U2
1715,1716,USA For Africa (Various Artists)
1716,1717,USA For Africa - Various Artists
1717,1718,Usher
1718,1719,Usher & Alicia Keys
1719,1720,Usher Featuring Lil Jon & Ludacris
1720,1721,Vampire Weekend
1721,1722,Van Halen
1722,1723,Van McCoy
1723,1724,Vaughan Brothers
1724,1725,Vaughn Meader
1725,1726,Velvet Revolver
1726,1727,Verdell Primeaux & Johnny Mike
1727,1728,Vicente Fernández
1728,1729,Vicente García
1729,1730,Vikki Carr
1730,1731,Vince Gill
1731,1732,Vince Gill Featuring Alison Krauss & Union Station
1732,1733,Walter Afanasieff
1733,1734,Walter Ostanek & His Band
1734,1735,Walter Ostanek Band
1735,1736,Ward Swingle (The Swingle Singers)
1736,1737,Warren Zevon
1737,1738,Warren Zevon & Bruce Springsteen
1738,1739,Waylon Jennings & The Kimberlys
1739,1740,Waylon Jennings & Willie Nelson
1740,1741,Wayne Shorter
1741,1742,Wayne Shorter Quartet
1742,1743,"Wayne Toups, Steve Riley & Wilson Savoy"
1743,1744,Weather Report
1744,1745,Weezer
1745,1746,Weird Al Yankovic
1746,1747,Wes Montgomery
1747,1748,White Sun
1748,1749,Whitney Houston
1749,1750,Whoopi Goldberg
1750,1751,Why Was I Born?
1751,1752,Wilco
1752,1753,Will Ackerman
1753,1754,Will Smith
1754,1755,William Bell
1755,1756,William Murphy
1756,1757,William Warfield
1757,1758,Willie Dixon
1758,1759,Willie Nelson
1759,1760,Willie Nelson & Lee Ann Womack
1760,1761,Willie Nelson & Ray Price
1761,1762,Willy Chirino
1762,1763,Winter Morning Walks
1763,1764,Wisin y Yandel
1764,1765,Wolfmother
1765,1766,Woody Herman
1766,1767,Wynton Marsalis
1767,1768,Wynton Marsalis Group
1768,1769,"Wynton Marsalis, Graham Greene & Kate Winslet"
1769,1770,YBN Cordae
1770,1771,Yellowjackets
1771,1772,Yes
1772,1773,Yo-Yo Ma
1773,1774,Yo-Yo Ma & The Silk Road Ensemble
1774,1775,Yo-Yo Ma & Various Artists
1775,1776,"Yo-Yo Ma, Edgar Meyer, Mark O'Connor & Various Artists"
1776,1777,"Yo-Yo Ma, Jorge Calandrelli, conductor"
1777,1778,"Yo-Yo Ma, Stuart Duncan, Edgar Meyer & Chris Thile"
1778,1779,Yola
1779,1780,Yolanda Adams
1780,1781,Young MC
1781,1782,Young Thug Featuring J. Cole & Travis Scott
1782,1783,Youssou N'Dour
1783,1784,Yusef Lateef
1784,1785,Zac Brown Band
1785,1786,Zac Brown Band & Alan Jackson
1786,1787,Zach Williams
1787,1788,Zappa Plays Zappa Featuring Steve Vai & Napoleon Murphy Brock
1788,1789,Zedd Featuring Foxes
1789,1790,Ziggy Marley
1790,1791,Ziggy Marley & The Melody Makers
1791,1792,Zoé
1792,1793,dc Talk
1793,1794,for KING & COUNTRY
1794,1795,iLe
1795,1796,k.d. lang
1796,,
